"1","Ville","Annee","longitudebis","latitudebis","Longitude","Latitude","Time"
"2","Paris","1958","2.3488","48.85341","2.3488","48.85341","."
"3","Paris","1959","2.3488","48.85341","2.3488","48.85341","."
"4","Paris","1960","2.3488","48.85341","2.3488","48.85341","."
"5","Paris","1961","2.3488","48.85341","2.3488","48.85341","."
"6","Paris","1962","2.3488","48.85341","2.3488","48.85341","."
"7","Paris","1963","2.3488","48.85341","2.3488","48.85341","."
"8","Paris","1964","2.3488","48.85341","2.3488","48.85341","."
"9","Paris","1965","2.3488","48.85341","2.3488","48.85341","."
"10","Paris","1966","2.3488","48.85341","2.3488","48.85341","."
"11","Paris","1967","2.3488","48.85341","2.3488","48.85341","."
"12","Paris","1968","2.3488","48.85341","2.3488","48.85341","."
"13","Paris","1969","2.3488","48.85341","2.3488","48.85341","."
"14","Paris","1970","2.3488","48.85341","2.3488","48.85341","."
"15","Paris","1971","2.3488","48.85341","2.3488","48.85341","."
"16","Paris","1972","2.3488","48.85341","2.3488","48.85341","."
"17","Paris","1973","2.3488","48.85341","2.3488","48.85341","."
"18","Paris","1974","2.3488","48.85341","2.3488","48.85341","."
"19","Paris","1975","2.3488","48.85341","2.3488","48.85341","."
"20","Paris","1976","2.3488","48.85341","2.3488","48.85341","."
"21","Paris","1977","2.3488","48.85341","2.3488","48.85341","."
"22","Paris","1978","2.3488","48.85341","2.3488","48.85341","."
"23","Paris","1979","2.3488","48.85341","2.3488","48.85341","."
"24","Paris","1980","2.3488","48.85341","2.3488","48.85341","."
"25","Paris","1981","2.3488","48.85341","2.3488","48.85341","."
"26","Paris","1982","2.3488","48.85341","2.3488","48.85341","."
"27","Paris","1983","2.3488","48.85341","2.3488","48.85341","."
"28","Paris","1984","2.3488","48.85341","2.3488","48.85341","."
"29","Paris","1985","2.3488","48.85341","2.3488","48.85341","."
"30","Paris","1986","2.3488","48.85341","2.3488","48.85341","."
"31","Paris","1987","2.3488","48.85341","2.3488","48.85341","."
"32","Paris","1988","2.3488","48.85341","2.3488","48.85341","."
"33","Paris","1989","2.3488","48.85341","2.3488","48.85341","."
"34","Paris","1990","2.3488","48.85341","2.3488","48.85341","."
"35","Paris","1991","2.3488","48.85341","2.3488","48.85341","."
"36","Paris","1992","2.3488","48.85341","2.3488","48.85341","."
"37","Paris","1993","2.3488","48.85341","2.3488","48.85341","."
"38","Paris","1994","2.3488","48.85341","2.3488","48.85341","."
"39","Paris","1995","2.3488","48.85341","2.3488","48.85341","."
"40","Paris","1996","2.3488","48.85341","2.3488","48.85341","."
"41","Paris","1997","2.3488","48.85341","2.3488","48.85341","."
"42","Paris","1998","2.3488","48.85341","2.3488","48.85341","."
"43","Paris","1999","2.3488","48.85341","2.3488","48.85341","."
"44","Paris","2000","2.3488","48.85341","2.3488","48.85341","."
"45","Paris","2001","2.3488","48.85341","2.3488","48.85341","."
"46","Paris","2002","2.3488","48.85341","2.3488","48.85341","."
"47","Paris","2003","2.3488","48.85341","2.3488","48.85341","."
"48","Paris","2004","2.3488","48.85341","2.3488","48.85341","."
"49","Paris","2005","2.3488","48.85341","2.3488","48.85341","."
"50","Paris","2006","2.3488","48.85341","2.3488","48.85341","."
"51","Paris","2007","2.3488","48.85341","2.3488","48.85341","."
"52","Paris","2008","2.3488","48.85341","2.3488","48.85341","."
"53","Paris","2009","2.3488","48.85341","2.3488","48.85341","."
"54","Paris","2010","2.3488","48.85341","2.3488","48.85341","."
"55","Paris","2011","2.3488","48.85341","2.3488","48.85341","."
"56","Paris","2012","2.3488","48.85341","2.3488","48.85341","."
"57","Paris","2013","2.3488","48.85341","2.3488","48.85341","."
"58","Paris","2014","2.3488","48.85341","2.3488","48.85341","."
"59","Paris","2015","2.3488","48.85341","2.3488","48.85341","."
"60","Paris","2016","2.3488","48.85341","2.3488","48.85341","."
"61","Paris","2017","2.3488","48.85341","2.3488","48.85341","."
"62"," Bordeaux","1958","-0.5805021","44.8404421","-0.5805021","44.8404421","4h58"
"63"," Bordeaux","1959","-0.482203372","44.97510545","-0.5805021","44.8404421","4h48"
"64"," Bordeaux","1960","-0.433054009","45.04243713","-0.5805021","44.8404421","4h43"
"65"," Bordeaux","1961","-0.433054009","45.04243713","-0.5805021","44.8404421","4h43"
"66"," Bordeaux","1962","-0.433054009","45.04243713","-0.5805021","44.8404421","4h43"
"67"," Bordeaux","1963","-0.433054009","45.04243713","-0.5805021","44.8404421","4h43"
"68"," Bordeaux","1964","-0.433054009","45.04243713","-0.5805021","44.8404421","4h43"
"69"," Bordeaux","1965","-0.433054009","45.04243713","-0.5805021","44.8404421","4h43"
"70"," Bordeaux","1966","-0.433054009","45.04243713","-0.5805021","44.8404421","4h43"
"71"," Bordeaux","1967","-0.285605915","45.24443216","-0.5805021","44.8404421","4h28"
"72"," Bordeaux","1968","-0.206966931","45.35216284","-0.5805021","44.8404421","4h20"
"73"," Bordeaux","1969","-0.138157824","45.44642718","-0.5805021","44.8404421","4h13"
"74"," Bordeaux","1970","-0.138157824","45.44642718","-0.5805021","44.8404421","4h13"
"75"," Bordeaux","1971","-0.010369478","45.62148954","-0.5805021","44.8404421","4h"
"76"," Bordeaux","1972","-0.010369478","45.62148954","-0.5805021","44.8404421","4h"
"77"," Bordeaux","1973","-0.010369478","45.62148954","-0.5805021","44.8404421","4h"
"78"," Bordeaux","1974","-0.010369478","45.62148954","-0.5805021","44.8404421","4h"
"79"," Bordeaux","1975","-0.010369478","45.62148954","-0.5805021","44.8404421","4h"
"80"," Bordeaux","1976","-0.010369478","45.62148954","-0.5805021","44.8404421","4h"
"81"," Bordeaux","1977","0.08792925","45.75615289","-0.5805021","44.8404421","3h50"
"82"," Bordeaux","1978","0.08792925","45.75615289","-0.5805021","44.8404421","3h50"
"83"," Bordeaux","1979","0.08792925","45.75615289","-0.5805021","44.8404421","3h50"
"84"," Bordeaux","1980","0.08792925","45.75615289","-0.5805021","44.8404421","3h50"
"85"," Bordeaux","1981","0.08792925","45.75615289","-0.5805021","44.8404421","3h50"
"86"," Bordeaux","1982","-0.030029222","45.59455687","-0.5805021","44.8404421","4h02"
"87"," Bordeaux","1983","-0.039859096","45.58109054","-0.5805021","44.8404421","4h03"
"88"," Bordeaux","1984","-0.079178585","45.5272252","-0.5805021","44.8404421","4h07"
"89"," Bordeaux","1985","0.048609761","45.70228756","-0.5805021","44.8404421","3h54"
"90"," Bordeaux","1986","0.048609761","45.70228756","-0.5805021","44.8404421","3h54"
"91"," Bordeaux","1987","-0.020199349","45.60802321","-0.5805021","44.8404421","4h01"
"92"," Bordeaux","1988","-0.030029222","45.59455687","-0.5805021","44.8404421","4h02"
"93"," Bordeaux","1989","-0.138157824","45.44642718","-0.5805021","44.8404421","4h13"
"94"," Bordeaux","1990","0.599082639","46.45640233","-0.5805021","44.8404421","2h58"
"95"," Bordeaux","1991","0.638402131","46.51026767","-0.5805021","44.8404421","2h54"
"96"," Bordeaux","1992","0.658061875","46.53720034","-0.5805021","44.8404421","2h52"
"97"," Bordeaux","1993","0.599082639","46.45640233","-0.5805021","44.8404421","2h58"
"98"," Bordeaux","1994","0.618742383","46.483335","-0.5805021","44.8404421","2h56"
"99"," Bordeaux","1995","0.60891251","46.46986866","-0.5805021","44.8404421","2h57"
"100"," Bordeaux","1996","0.638402131","46.51026767","-0.5805021","44.8404421","2h54"
"101"," Bordeaux","1997","0.549933273","46.38907065","-0.5805021","44.8404421","3h03"
"102"," Bordeaux","1998","0.60891251","46.46986866","-0.5805021","44.8404421","2h57"
"103"," Bordeaux","1999","0.618742383","46.483335","-0.5805021","44.8404421","2h56"
"104"," Bordeaux","2000","0.60891251","46.46986866","-0.5805021","44.8404421","2h57"
"105"," Bordeaux","2001","0.599082639","46.45640233","-0.5805021","44.8404421","2h58"
"106"," Bordeaux","2002","0.589252765","46.44293599","-0.5805021","44.8404421","2h59"
"107"," Bordeaux","2003","0.638402131","46.51026767","-0.5805021","44.8404421","2h54"
"108"," Bordeaux","2004","0.628572257","46.49680133","-0.5805021","44.8404421","2h55"
"109"," Bordeaux","2005","0.599082639","46.45640233","-0.5805021","44.8404421","2h58"
"110"," Bordeaux","2006","0.599082639","46.45640233","-0.5805021","44.8404421","2h58"
"111"," Bordeaux","2007","0.589252765","46.44293599","-0.5805021","44.8404421","2h59"
"112"," Bordeaux","2008","0.599082639","46.45640233","-0.5805021","44.8404421","2h58"
"113"," Bordeaux","2009","0.579422892","46.42946966","-0.5805021","44.8404421","3h"
"114"," Bordeaux","2010","0.579422892","46.42946966","-0.5805021","44.8404421","3h"
"115"," Bordeaux","2011","0.569593021","46.41600332","-0.5805021","44.8404421","3h"
"116"," Bordeaux","2012","0.569593021","46.41600332","-0.5805021","44.8404421","3h"
"117"," Bordeaux","2013","0.441804674","46.24094097","-0.5805021","44.8404421","3h14"
"118"," Bordeaux","2014","0.441804674","46.24094097","-0.5805021","44.8404421","3h14"
"119"," Bordeaux","2015","0.471294293","46.28133997","-0.5805021","44.8404421","3h11"
"120"," Bordeaux","2016","0.461464419","46.26787363","-0.5805021","44.8404421","3h12"
"121"," Bordeaux","2017","1.129895769","47.18358443","-0.5805021","44.8404421","2h04"
"122"," Brest","1958","-4.4833319","48.4000019","-4.4833319","48.4000019","7h37"
"123"," Brest","1959","-4.4833319","48.4000019","-4.4833319","48.4000019","7h37"
"124"," Brest","1960","-4.4833319","48.4000019","-4.4833319","48.4000019","7h39"
"125"," Brest","1961","-4.304714072","48.41185571","-4.4833319","48.4000019","7h39"
"126"," Brest","1962","-4.304714072","48.41185571","-4.4833319","48.4000019","7h39"
"127"," Brest","1963","-4.304714072","48.41185571","-4.4833319","48.4000019","7h27"
"128"," Brest","1964","-4.304714072","48.41185571","-4.4833319","48.4000019","7h27"
"129"," Brest","1965","-4.289829254","48.41284352","-4.4833319","48.4000019","7h26"
"130"," Brest","1966","-2.935310727","48.50273489","-4.4833319","48.4000019","5h55"
"131"," Brest","1967","-2.935310727","48.50273489","-4.4833319","48.4000019","5h55"
"132"," Brest","1968","-2.801347357","48.51162524","-4.4833319","48.4000019","5h46"
"133"," Brest","1969","-2.712038446","48.51755215","-4.4833319","48.4000019","5h40"
"134"," Brest","1970","-2.65249917","48.52150342","-4.4833319","48.4000019","5h36"
"135"," Brest","1971","-2.5185358","48.53039377","-4.4833319","48.4000019","5h27"
"136"," Brest","1972","-2.5185358","48.53039377","-4.4833319","48.4000019","5h27"
"137"," Brest","1973","-2.5185358","48.53039377","-4.4833319","48.4000019","5h27"
"138"," Brest","1974","-2.488766159","48.53236941","-4.4833319","48.4000019","5h25"
"139"," Brest","1975","-2.488766159","48.53236941","-4.4833319","48.4000019","5h25"
"140"," Brest","1976","-2.563190252","48.52743032","-4.4833319","48.4000019","5h30"
"141"," Brest","1977","-2.563190252","48.52743032","-4.4833319","48.4000019","5h30"
"142"," Brest","1978","-2.563190252","48.52743032","-4.4833319","48.4000019","5h30"
"143"," Brest","1979","-2.533420618","48.52940595","-4.4833319","48.4000019","5h28"
"144"," Brest","1980","-2.563190252","48.52743032","-4.4833319","48.4000019","5h30"
"145"," Brest","1981","-2.622729529","48.52347905","-4.4833319","48.4000019","5h34"
"146"," Brest","1982","-2.697153629","48.51853997","-4.4833319","48.4000019","5h39"
"147"," Brest","1983","-2.697153629","48.51853997","-4.4833319","48.4000019","5h39"
"148"," Brest","1984","-2.712038446","48.51755215","-4.4833319","48.4000019","5h40"
"149"," Brest","1985","-2.697153629","48.51853997","-4.4833319","48.4000019","5h39"
"150"," Brest","1986","-2.667383987","48.5205156","-4.4833319","48.4000019","5h37"
"151"," Brest","1987","-2.607844711","48.52446687","-4.4833319","48.4000019","5h33"
"152"," Brest","1988","-2.607844711","48.52446687","-4.4833319","48.4000019","5h33"
"153"," Brest","1989","-1.253326184","48.61435824","-4.4833319","48.4000019","4h02"
"154"," Brest","1990","-1.208671732","48.61732169","-4.4833319","48.4000019","3h59"
"155"," Brest","1991","-1.193786914","48.6183095","-4.4833319","48.4000019","3h58"
"156"," Brest","1992","-1.208671732","48.61732169","-4.4833319","48.4000019","3h59"
"157"," Brest","1993","-1.164017273","48.62028514","-4.4833319","48.4000019","3h56"
"158"," Brest","1994","-1.164017273","48.62028514","-4.4833319","48.4000019","3h56"
"159"," Brest","1995","-1.164017273","48.62028514","-4.4833319","48.4000019","3h56"
"160"," Brest","1996","-1.149132456","48.62127296","-4.4833319","48.4000019","3h55"
"161"," Brest","1997","-1.238441366","48.61534605","-4.4833319","48.4000019","4h01"
"162"," Brest","1998","-1.223556549","48.61633387","-4.4833319","48.4000019","4h"
"163"," Brest","1999","-1.431944012","48.60250443","-4.4833319","48.4000019","4h14"
"164"," Brest","2000","-1.238441366","48.61534605","-4.4833319","48.4000019","4h01"
"165"," Brest","2001","-1.446828836","48.60151661","-4.4833319","48.4000019","4h15"
"166"," Brest","2002","-1.327750284","48.60941915","-4.4833319","48.4000019","4h07"
"167"," Brest","2003","-1.268211008","48.61337042","-4.4833319","48.4000019","4h03"
"168"," Brest","2004","-1.268211008","48.61337042","-4.4833319","48.4000019","4h03"
"169"," Brest","2005","-1.268211008","48.61337042","-4.4833319","48.4000019","4h03"
"170"," Brest","2006","-1.268211008","48.61337042","-4.4833319","48.4000019","4h03"
"171"," Brest","2007","-1.402174378","48.60448006","-4.4833319","48.4000019","4h12"
"172"," Brest","2008","-1.402174378","48.60448006","-4.4833319","48.4000019","4h12"
"173"," Brest","2009","-1.551022565","48.59460189","-4.4833319","48.4000019","4h22"
"174"," Brest","2010","-1.461713654","48.60052879","-4.4833319","48.4000019","4h16"
"175"," Brest","2011","-1.357519919","48.60744351","-4.4833319","48.4000019","4h09"
"176"," Brest","2012","-1.357519919","48.60744351","-4.4833319","48.4000019","4h09"
"177"," Brest","2013","-1.38728956","48.60546788","-4.4833319","48.4000019","4h11"
"178"," Brest","2014","-1.38728956","48.60546788","-4.4833319","48.4000019","4h11"
"179"," Brest","2015","-1.327750284","48.60941915","-4.4833319","48.4000019","4h07"
"180"," Brest","2016","-1.327750284","48.60941915","-4.4833319","48.4000019","4h07"
"181"," Brest","2017","-0.702587888","48.65090747","-4.4833319","48.4000019","3h25"
"182"," Caen","1958","-0.3591201","49.1858501","-0.3591201","49.1858501","2h24"
"183"," Caen","1959","-0.3591201","49.1858501","-0.3591201","49.1858501","2h24"
"184"," Caen","1960","-0.3591201","49.1858501","-0.3591201","49.1858501","2h24"
"185"," Caen","1961","-0.3591201","49.1858501","-0.3591201","49.1858501","2h24"
"186"," Caen","1962","-0.3591201","49.1858501","-0.3591201","49.1858501","2h24"
"187"," Caen","1963","-0.3591201","49.1858501","-0.3591201","49.1858501","2h24"
"188"," Caen","1964","-0.434340103","49.19508455","-0.3591201","49.1858501","2h28"
"189"," Caen","1965","-0.434340103","49.19508455","-0.3591201","49.1858501","2h28"
"190"," Caen","1966","-0.321510098","49.18123288","-0.3591201","49.1858501","2h22"
"191"," Caen","1967","-0.321510098","49.18123288","-0.3591201","49.1858501","2h22"
"192"," Caen","1968","-0.246290095","49.17199843","-0.3591201","49.1858501","2h18"
"193"," Caen","1969","-0.246290095","49.17199843","-0.3591201","49.1858501","2h18"
"194"," Caen","1970","0.092199918","49.13044342","-0.3591201","49.1858501","2h"
"195"," Caen","1971","0.299054926","49.10504869","-0.3591201","49.1858501","1h49"
"196"," Caen","1972","0.317859925","49.10274008","-0.3591201","49.1858501","1h48"
"197"," Caen","1973","0.317859925","49.10274008","-0.3591201","49.1858501","1h48"
"198"," Caen","1974","0.317859925","49.10274008","-0.3591201","49.1858501","1h48"
"199"," Caen","1975","0.317859925","49.10274008","-0.3591201","49.1858501","1h48"
"200"," Caen","1976","0.317859925","49.10274008","-0.3591201","49.1858501","1h48"
"201"," Caen","1977","0.299054926","49.10504869","-0.3591201","49.1858501","1h49"
"202"," Caen","1978","0.129809919","49.12582619","-0.3591201","49.1858501","1h58"
"203"," Caen","1979","0.18622492","49.11890036","-0.3591201","49.1858501","1h55"
"204"," Caen","1980","0.280249923","49.1073573","-0.3591201","49.1858501","1h50"
"205"," Caen","1981","0.280249923","49.1073573","-0.3591201","49.1858501","1h50"
"206"," Caen","1982","0.242639922","49.11197452","-0.3591201","49.1858501","1h52"
"207"," Caen","1983","0.223834922","49.11428313","-0.3591201","49.1858501","1h53"
"208"," Caen","1984","0.223834922","49.11428313","-0.3591201","49.1858501","1h53"
"209"," Caen","1985","0.242639922","49.11197452","-0.3591201","49.1858501","1h52"
"210"," Caen","1986","0.242639922","49.11197452","-0.3591201","49.1858501","1h53"
"211"," Caen","1987","0.242639922","49.11197452","-0.3591201","49.1858501","1h54"
"212"," Caen","1988","0.242639922","49.11197452","-0.3591201","49.1858501","1h55"
"213"," Caen","1989","0.016979914","49.13967786","-0.3591201","49.1858501","2h04"
"214"," Caen","1990","-0.001825088","49.14198648","-0.3591201","49.1858501","2h05"
"215"," Caen","1991","-0.001825088","49.14198648","-0.3591201","49.1858501","2h05"
"216"," Caen","1992","-0.020630088","49.14429509","-0.3591201","49.1858501","2h06"
"217"," Caen","1993","-0.020630088","49.14429509","-0.3591201","49.1858501","2h06"
"218"," Caen","1994","-0.039435087","49.1466037","-0.3591201","49.1858501","2h07"
"219"," Caen","1995","-0.058240089","49.14891231","-0.3591201","49.1858501","2h08"
"220"," Caen","1996","0.393079928","49.09350563","-0.3591201","49.1858501","1h44"
"221"," Caen","1997","0.393079928","49.09350563","-0.3591201","49.1858501","1h44"
"222"," Caen","1998","0.374274926","49.09581424","-0.3591201","49.1858501","1h45"
"223"," Caen","1999","0.393079928","49.09350563","-0.3591201","49.1858501","1h44"
"224"," Caen","2000","0.355469927","49.09812285","-0.3591201","49.1858501","1h46"
"225"," Caen","2001","0.242639922","49.11197452","-0.3591201","49.1858501","1h52"
"226"," Caen","2002","0.393079928","49.09350563","-0.3591201","49.1858501","1h44"
"227"," Caen","2003","0.393079928","49.09350563","-0.3591201","49.1858501","1h44"
"228"," Caen","2004","0.393079928","49.09350563","-0.3591201","49.1858501","1h44"
"229"," Caen","2005","0.374274926","49.09581424","-0.3591201","49.1858501","1h45"
"230"," Caen","2006","0.374274926","49.09581424","-0.3591201","49.1858501","1h45"
"231"," Caen","2007","0.393079928","49.09350563","-0.3591201","49.1858501","1h44"
"232"," Caen","2008","0.336664924","49.10043146","-0.3591201","49.1858501","1h47"
"233"," Caen","2009","0.336664924","49.10043146","-0.3591201","49.1858501","1h47"
"234"," Caen","2010","0.336664924","49.10043146","-0.3591201","49.1858501","1h47"
"235"," Caen","2011","0.336664924","49.10043146","-0.3591201","49.1858501","1h47"
"236"," Caen","2012","0.20502992","49.11659175","-0.3591201","49.1858501","1h54"
"237"," Caen","2013","0.317859925","49.10274008","-0.3591201","49.1858501","1h48"
"238"," Caen","2014","0.317859925","49.10274008","-0.3591201","49.1858501","1h48"
"239"," Caen","2015","0.299054926","49.10504869","-0.3591201","49.1858501","1h49"
"240"," Caen","2016","0.280249923","49.1073573","-0.3591201","49.1858501","1h50"
"241"," Caen","2017","0.280249923","49.1073573","-0.3591201","49.1858501","1h50"
"242"," Clermont-Ferrand","1958","3.0862802","45.7796602","3.0862802","45.7796602","4h"
"243"," Clermont-Ferrand","1959","3.0862802","45.7796602","3.0862802","45.7796602","4h"
"244"," Clermont-Ferrand","1960","3.0862802","45.7796602","3.0862802","45.7796602","4h"
"245"," Clermont-Ferrand","1961","3.0862802","45.7796602","3.0862802","45.7796602","4h"
"246"," Clermont-Ferrand","1962","3.0862802","45.7796602","3.0862802","45.7796602","4h"
"247"," Clermont-Ferrand","1963","3.0862802","45.7796602","3.0862802","45.7796602","4h"
"248"," Clermont-Ferrand","1964","3.0862802","45.7796602","3.0862802","45.7796602","4h"
"249"," Clermont-Ferrand","1965","3.0862802","45.7796602","3.0862802","45.7796602","4h"
"250"," Clermont-Ferrand","1966","3.0862802","45.7796602","3.0862802","45.7796602","4h"
"251"," Clermont-Ferrand","1967","3.0862802","45.7796602","3.0862802","45.7796602","4h"
"252"," Clermont-Ferrand","1968","3.0862802","45.7796602","3.0862802","45.7796602","4h"
"253"," Clermont-Ferrand","1969","3.0862802","45.7796602","3.0862802","45.7796602","4h"
"254"," Clermont-Ferrand","1970","3.0862802","45.7796602","3.0862802","45.7796602","4h"
"255"," Clermont-Ferrand","1971","3.077061698","45.81808207","3.0862802","45.7796602","3h57"
"256"," Clermont-Ferrand","1972","3.067843195","45.85650395","3.0862802","45.7796602","3h54"
"257"," Clermont-Ferrand","1973","3.077061698","45.81808207","3.0862802","45.7796602","3h57"
"258"," Clermont-Ferrand","1974","3.080134532","45.80527478","3.0862802","45.7796602","3h58"
"259"," Clermont-Ferrand","1975","3.098571537","45.72843104","3.0862802","45.7796602","4h04"
"260"," Clermont-Ferrand","1976","3.107790039","45.69000916","3.0862802","45.7796602","4h07"
"261"," Clermont-Ferrand","1977","3.040187688","45.97176956","3.0862802","45.7796602","3h45"
"262"," Clermont-Ferrand","1978","3.058624693","45.89492582","3.0862802","45.7796602","3h51"
"263"," Clermont-Ferrand","1979","3.040187688","45.97176956","3.0862802","45.7796602","3h45"
"264"," Clermont-Ferrand","1980","3.040187688","45.97176956","3.0862802","45.7796602","3h45"
"265"," Clermont-Ferrand","1981","3.040187688","45.97176956","3.0862802","45.7796602","3h45"
"266"," Clermont-Ferrand","1982","3.040187688","45.97176956","3.0862802","45.7796602","3h45"
"267"," Clermont-Ferrand","1983","3.040187688","45.97176956","3.0862802","45.7796602","3h45"
"268"," Clermont-Ferrand","1984","3.040187688","45.97176956","3.0862802","45.7796602","3h45"
"269"," Clermont-Ferrand","1985","3.040187688","45.97176956","3.0862802","45.7796602","3h45"
"270"," Clermont-Ferrand","1986","3.073988863","45.83088936","3.0862802","45.7796602","3h56"
"271"," Clermont-Ferrand","1987","3.040187688","45.97176956","3.0862802","45.7796602","3h45"
"272"," Clermont-Ferrand","1988","3.052479024","45.9205404","3.0862802","45.7796602","3h49"
"273"," Clermont-Ferrand","1989","3.040187688","45.97176956","3.0862802","45.7796602","3h45"
"274"," Clermont-Ferrand","1990","2.984876673","46.2023008","3.0862802","45.7796602","3h27"
"275"," Clermont-Ferrand","1991","2.984876673","46.2023008","3.0862802","45.7796602","3h27"
"276"," Clermont-Ferrand","1992","2.966439668","46.27914454","3.0862802","45.7796602","3h21"
"277"," Clermont-Ferrand","1993","2.966439668","46.27914454","3.0862802","45.7796602","3h21"
"278"," Clermont-Ferrand","1994","2.966439668","46.27914454","3.0862802","45.7796602","3h21"
"279"," Clermont-Ferrand","1995","2.972585336","46.25352996","3.0862802","45.7796602","3h23"
"280"," Clermont-Ferrand","1996","2.972585336","46.25352996","3.0862802","45.7796602","3h23"
"281"," Clermont-Ferrand","1997","2.972585336","46.25352996","3.0862802","45.7796602","3h23"
"282"," Clermont-Ferrand","1998","2.978731004","46.22791538","3.0862802","45.7796602","3h25"
"283"," Clermont-Ferrand","1999","2.932638492","46.42002474","3.0862802","45.7796602","3h10"
"284"," Clermont-Ferrand","2000","2.972585336","46.25352996","3.0862802","45.7796602","3h23"
"285"," Clermont-Ferrand","2001","2.93878416","46.39441016","3.0862802","45.7796602","3h12"
"286"," Clermont-Ferrand","2002","2.929565658","46.43283203","3.0862802","45.7796602","3h09"
"287"," Clermont-Ferrand","2003","2.929565658","46.43283203","3.0862802","45.7796602","3h09"
"288"," Clermont-Ferrand","2004","2.929565658","46.43283203","3.0862802","45.7796602","3h09"
"289"," Clermont-Ferrand","2005","2.929565658","46.43283203","3.0862802","45.7796602","3h09"
"290"," Clermont-Ferrand","2006","2.929565658","46.43283203","3.0862802","45.7796602","3h09"
"291"," Clermont-Ferrand","2007","2.923419989","46.45844661","3.0862802","45.7796602","3h07"
"292"," Clermont-Ferrand","2008","2.898837316","46.56090494","3.0862802","45.7796602","2h59"
"293"," Clermont-Ferrand","2009","2.898837316","46.56090494","3.0862802","45.7796602","2h59"
"294"," Clermont-Ferrand","2010","2.898837316","46.56090494","3.0862802","45.7796602","2h59"
"295"," Clermont-Ferrand","2011","2.898837316","46.56090494","3.0862802","45.7796602","2h59"
"296"," Clermont-Ferrand","2012","2.898837316","46.56090494","3.0862802","45.7796602","2h59"
"297"," Clermont-Ferrand","2013","2.898837316","46.56090494","3.0862802","45.7796602","2h59"
"298"," Clermont-Ferrand","2014","2.898837316","46.56090494","3.0862802","45.7796602","2h59"
"299"," Clermont-Ferrand","2015","2.914201487","46.49686849","3.0862802","45.7796602","3h04"
"300"," Clermont-Ferrand","2016","2.929565658","46.43283203","3.0862802","45.7796602","3h09"
"301"," Clermont-Ferrand","2017","2.932638492","46.42002474","3.0862802","45.7796602","3h10"
"302"," Dijon","1958","5.0166707","47.3166707","5.0166707","47.3166707","2h26"
"303"," Dijon","1959","5.0166707","47.3166707","5.0166707","47.3166707","2h26"
"304"," Dijon","1960","4.96185144","47.34824753","5.0166707","47.3166707","2h23"
"305"," Dijon","1961","4.943578353","47.35877315","5.0166707","47.3166707","2h22"
"306"," Dijon","1962","4.943578353","47.35877315","5.0166707","47.3166707","2h22"
"307"," Dijon","1963","4.980124526","47.33772192","5.0166707","47.3166707","2h24"
"308"," Dijon","1964","4.980124526","47.33772192","5.0166707","47.3166707","2h24"
"309"," Dijon","1965","4.96185144","47.34824753","5.0166707","47.3166707","2h23"
"310"," Dijon","1966","4.96185144","47.34824753","5.0166707","47.3166707","2h23"
"311"," Dijon","1967","4.96185144","47.34824753","5.0166707","47.3166707","2h23"
"312"," Dijon","1968","4.96185144","47.34824753","5.0166707","47.3166707","2h23"
"313"," Dijon","1969","4.907032179","47.37982437","5.0166707","47.3166707","2h20"
"314"," Dijon","1970","4.833939829","47.42192682","5.0166707","47.3166707","2h16"
"315"," Dijon","1971","4.833939829","47.42192682","5.0166707","47.3166707","2h16"
"316"," Dijon","1972","4.797393656","47.44297804","5.0166707","47.3166707","2h14"
"317"," Dijon","1973","4.925305266","47.36929876","5.0166707","47.3166707","2h21"
"318"," Dijon","1974","4.852212916","47.41140121","5.0166707","47.3166707","2h17"
"319"," Dijon","1975","4.852212916","47.41140121","5.0166707","47.3166707","2h17"
"320"," Dijon","1976","4.852212916","47.41140121","5.0166707","47.3166707","2h17"
"321"," Dijon","1977","4.870486003","47.40087559","5.0166707","47.3166707","2h18"
"322"," Dijon","1978","4.870486003","47.40087559","5.0166707","47.3166707","2h18"
"323"," Dijon","1979","4.907032179","47.37982437","5.0166707","47.3166707","2h20"
"324"," Dijon","1980","4.925305266","47.36929876","5.0166707","47.3166707","2h21"
"325"," Dijon","1981","4.907032179","47.37982437","5.0166707","47.3166707","2h20"
"326"," Dijon","1982","4.724301308","47.48508049","5.0166707","47.3166707","2h10"
"327"," Dijon","1983","4.724301308","47.48508049","5.0166707","47.3166707","2h10"
"328"," Dijon","1984","4.103016352","47.84295128","5.0166707","47.3166707","1h36"
"329"," Dijon","1985","4.103016352","47.84295128","5.0166707","47.3166707","1h36"
"330"," Dijon","1986","4.103016352","47.84295128","5.0166707","47.3166707","1h36"
"331"," Dijon","1987","4.103016352","47.84295128","5.0166707","47.3166707","1h36"
"332"," Dijon","1988","4.103016352","47.84295128","5.0166707","47.3166707","1h36"
"333"," Dijon","1989","4.103016352","47.84295128","5.0166707","47.3166707","1h36"
"334"," Dijon","1990","4.103016352","47.84295128","5.0166707","47.3166707","1h36"
"335"," Dijon","1991","4.103016352","47.84295128","5.0166707","47.3166707","1h36"
"336"," Dijon","1992","4.103016352","47.84295128","5.0166707","47.3166707","1h36"
"337"," Dijon","1993","4.103016352","47.84295128","5.0166707","47.3166707","1h36"
"338"," Dijon","1994","4.103016352","47.84295128","5.0166707","47.3166707","1h36"
"339"," Dijon","1995","4.157835612","47.81137445","5.0166707","47.3166707","1h39"
"340"," Dijon","1996","4.176108699","47.80084884","5.0166707","47.3166707","1h40"
"341"," Dijon","1997","4.121289439","47.83242567","5.0166707","47.3166707","1h37"
"342"," Dijon","1998","4.176108699","47.80084884","5.0166707","47.3166707","1h40"
"343"," Dijon","1999","4.157835612","47.81137445","5.0166707","47.3166707","1h39"
"344"," Dijon","2000","4.157835612","47.81137445","5.0166707","47.3166707","1h39"
"345"," Dijon","2001","4.103016352","47.84295128","5.0166707","47.3166707","1h36"
"346"," Dijon","2002","4.121289439","47.83242567","5.0166707","47.3166707","1h37"
"347"," Dijon","2003","4.121289439","47.83242567","5.0166707","47.3166707","1h37"
"348"," Dijon","2004","4.121289439","47.83242567","5.0166707","47.3166707","1h37"
"349"," Dijon","2005","4.139562525","47.82190006","5.0166707","47.3166707","1h38"
"350"," Dijon","2006","4.084743265","47.85347689","5.0166707","47.3166707","1h35"
"351"," Dijon","2007","4.121289439","47.83242567","5.0166707","47.3166707","1h37"
"352"," Dijon","2008","4.103016352","47.84295128","5.0166707","47.3166707","1h36"
"353"," Dijon","2009","4.121289439","47.83242567","5.0166707","47.3166707","1h37"
"354"," Dijon","2010","4.121289439","47.83242567","5.0166707","47.3166707","1h37"
"355"," Dijon","2011","4.066470176","47.86400251","5.0166707","47.3166707","1h34"
"356"," Dijon","2012","4.011650915","47.89557934","5.0166707","47.3166707","1h31"
"357"," Dijon","2013","4.029924002","47.88505373","5.0166707","47.3166707","1h32"
"358"," Dijon","2014","4.029924002","47.88505373","5.0166707","47.3166707","1h32"
"359"," Dijon","2015","4.011650915","47.89557934","5.0166707","47.3166707","1h31"
"360"," Dijon","2016","4.011650915","47.89557934","5.0166707","47.3166707","1h31"
"361"," Dijon","2017","4.011650915","47.89557934","5.0166707","47.3166707","1h31"
"362"," Lille","1958","3.0585821","50.6329721","3.0585821","50.6329721","2h15"
"363"," Lille","1959","3.032293874","50.56706239","3.0585821","50.6329721","2h10"
"364"," Lille","1960","3.032293874","50.56706239","3.0585821","50.6329721","2h10"
"365"," Lille","1961","3.032293874","50.56706239","3.0585821","50.6329721","2h10"
"366"," Lille","1962","3.032293874","50.56706239","3.0585821","50.6329721","2h10"
"367"," Lille","1963","3.032293874","50.56706239","3.0585821","50.6329721","2h10"
"368"," Lille","1964","3.006005648","50.50115269","3.0585821","50.6329721","2h05"
"369"," Lille","1965","3.006005648","50.50115269","3.0585821","50.6329721","2h05"
"370"," Lille","1966","3.006005648","50.50115269","3.0585821","50.6329721","2h05"
"371"," Lille","1967","2.979717422","50.43524298","3.0585821","50.6329721","2h"
"372"," Lille","1968","2.953429196","50.36933327","3.0585821","50.6329721","1h55"
"373"," Lille","1969","2.953429196","50.36933327","3.0585821","50.6329721","1h55"
"374"," Lille","1970","2.953429196","50.36933327","3.0585821","50.6329721","1h55"
"375"," Lille","1971","2.953429196","50.36933327","3.0585821","50.6329721","1h55"
"376"," Lille","1972","2.953429196","50.36933327","3.0585821","50.6329721","1h55"
"377"," Lille","1973","2.953429196","50.36933327","3.0585821","50.6329721","1h55"
"378"," Lille","1974","2.953429196","50.36933327","3.0585821","50.6329721","1h55"
"379"," Lille","1975","2.958686841","50.38251521","3.0585821","50.6329721","1h56"
"380"," Lille","1976","2.974459777","50.42206104","3.0585821","50.6329721","1h59"
"381"," Lille","1977","2.974459777","50.42206104","3.0585821","50.6329721","1h59"
"382"," Lille","1978","2.937656261","50.32978745","3.0585821","50.6329721","1h52"
"383"," Lille","1979","2.937656261","50.32978745","3.0585821","50.6329721","1h52"
"384"," Lille","1980","2.948171551","50.35615133","3.0585821","50.6329721","1h54"
"385"," Lille","1981","2.969202132","50.40887909","3.0585821","50.6329721","1h58"
"386"," Lille","1982","2.974459777","50.42206104","3.0585821","50.6329721","1h59"
"387"," Lille","1983","2.974459777","50.42206104","3.0585821","50.6329721","1h59"
"388"," Lille","1984","2.979717422","50.43524298","3.0585821","50.6329721","2h"
"389"," Lille","1985","2.979717422","50.43524298","3.0585821","50.6329721","2h"
"390"," Lille","1986","2.974459777","50.42206104","3.0585821","50.6329721","1h59"
"391"," Lille","1987","2.974459777","50.42206104","3.0585821","50.6329721","1h59"
"392"," Lille","1988","2.974459777","50.42206104","3.0585821","50.6329721","1h59"
"393"," Lille","1989","2.984975067","50.44842492","3.0585821","50.6329721","2h01"
"394"," Lille","1990","3.000748003","50.48797074","3.0585821","50.6329721","2h04"
"395"," Lille","1991","3.027036229","50.55388045","3.0585821","50.6329721","2h09"
"396"," Lille","1992","3.027036229","50.55388045","3.0585821","50.6329721","2h09"
"397"," Lille","1993","2.664258711","49.64432649","3.0585821","50.6329721","1h"
"398"," Lille","1994","2.664258711","49.64432649","3.0585821","50.6329721","1h"
"399"," Lille","1995","2.659001066","49.63114455","3.0585821","50.6329721","0h59"
"400"," Lille","1996","2.653743421","49.61796261","3.0585821","50.6329721","0h58"
"401"," Lille","1997","2.653743421","49.61796261","3.0585821","50.6329721","0h58"
"402"," Lille","1998","2.653743421","49.61796261","3.0585821","50.6329721","0h58"
"403"," Lille","1999","2.653743421","49.61796261","3.0585821","50.6329721","0h58"
"404"," Lille","2000","2.653743421","49.61796261","3.0585821","50.6329721","0h58"
"405"," Lille","2001","2.653743421","49.61796261","3.0585821","50.6329721","0h58"
"406"," Lille","2002","2.659001066","49.63114455","3.0585821","50.6329721","0h59"
"407"," Lille","2003","2.659001066","49.63114455","3.0585821","50.6329721","0h59"
"408"," Lille","2004","2.659001066","49.63114455","3.0585821","50.6329721","0h59"
"409"," Lille","2005","2.659001066","49.63114455","3.0585821","50.6329721","0h59"
"410"," Lille","2006","2.653743421","49.61796261","3.0585821","50.6329721","0h58"
"411"," Lille","2007","2.653743421","49.61796261","3.0585821","50.6329721","0h58"
"412"," Lille","2008","2.653743421","49.61796261","3.0585821","50.6329721","0h58"
"413"," Lille","2009","2.653743421","49.61796261","3.0585821","50.6329721","0h58"
"414"," Lille","2010","2.653743421","49.61796261","3.0585821","50.6329721","0h58"
"415"," Lille","2011","2.659001066","49.63114455","3.0585821","50.6329721","0h59"
"416"," Lille","2012","2.659001066","49.63114455","3.0585821","50.6329721","0h59"
"417"," Lille","2013","2.659001066","49.63114455","3.0585821","50.6329721","0h59"
"418"," Lille","2014","2.659001066","49.63114455","3.0585821","50.6329721","0h59"
"419"," Lille","2015","2.659001066","49.63114455","3.0585821","50.6329721","0h59"
"420"," Lille","2016","2.659001066","49.63114455","3.0585821","50.6329721","0h59"
"421"," Lille","2017","2.669516356","49.65750843","3.0585821","50.6329721","1h1"
"422"," Lyon","1958","4.8467114","45.7484614","4.8467114","45.7484614","4h"
"423"," Lyon","1959","4.8467114","45.7484614","4.8467114","45.7484614","4h"
"424"," Lyon","1960","4.8467114","45.7484614","4.8467114","45.7484614","4h"
"425"," Lyon","1961","4.8467114","45.7484614","4.8467114","45.7484614","4h"
"426"," Lyon","1962","4.8467114","45.7484614","4.8467114","45.7484614","4h"
"427"," Lyon","1963","4.8467114","45.7484614","4.8467114","45.7484614","4h"
"428"," Lyon","1964","4.8467114","45.7484614","4.8467114","45.7484614","4h"
"429"," Lyon","1965","4.8467114","45.7484614","4.8467114","45.7484614","4h"
"430"," Lyon","1966","4.8467114","45.7484614","4.8467114","45.7484614","4h"
"431"," Lyon","1967","4.8467114","45.7484614","4.8467114","45.7484614","4h"
"432"," Lyon","1968","4.8467114","45.7484614","4.8467114","45.7484614","4h"
"433"," Lyon","1969","4.784263615","45.82608512","4.8467114","45.7484614","3h54"
"434"," Lyon","1970","4.680183973","45.95545797","4.8467114","45.7484614","3h44"
"435"," Lyon","1971","4.66977601","45.96839526","4.8467114","45.7484614","3h43"
"436"," Lyon","1972","4.680183973","45.95545797","4.8467114","45.7484614","3h44"
"437"," Lyon","1973","4.700999902","45.9295834","4.8467114","45.7484614","3h46"
"438"," Lyon","1974","4.680183973","45.95545797","4.8467114","45.7484614","3h44"
"439"," Lyon","1975","4.680183973","45.95545797","4.8467114","45.7484614","3h44"
"440"," Lyon","1976","4.680183973","45.95545797","4.8467114","45.7484614","3h44"
"441"," Lyon","1977","4.66977601","45.96839526","4.8467114","45.7484614","3h43"
"442"," Lyon","1978","4.680183973","45.95545797","4.8467114","45.7484614","3h44"
"443"," Lyon","1979","4.700999902","45.9295834","4.8467114","45.7484614","3h46"
"444"," Lyon","1980","4.700999902","45.9295834","4.8467114","45.7484614","3h46"
"445"," Lyon","1981","4.700999902","45.9295834","4.8467114","45.7484614","3h46"
"446"," Lyon","1982","4.118153908","46.65407141","4.8467114","45.7484614","2h50"
"447"," Lyon","1983","4.086930015","46.69288327","4.8467114","45.7484614","2h47"
"448"," Lyon","1984","3.5977557","47.3009357","4.8467114","45.7484614","2h"
"449"," Lyon","1985","3.5977557","47.3009357","4.8467114","45.7484614","2h"
"450"," Lyon","1986","3.5977557","47.3009357","4.8467114","45.7484614","2h"
"451"," Lyon","1987","3.5977557","47.3009357","4.8467114","45.7484614","2h"
"452"," Lyon","1988","3.5977557","47.3009357","4.8467114","45.7484614","2h"
"453"," Lyon","1989","3.5977557","47.3009357","4.8467114","45.7484614","2h"
"454"," Lyon","1990","3.5977557","47.3009357","4.8467114","45.7484614","2h"
"455"," Lyon","1991","3.5977557","47.3009357","4.8467114","45.7484614","2h"
"456"," Lyon","1992","3.5977557","47.3009357","4.8467114","45.7484614","2h"
"457"," Lyon","1993","3.5977557","47.3009357","4.8467114","45.7484614","2h"
"458"," Lyon","1994","3.5977557","47.3009357","4.8467114","45.7484614","2h"
"459"," Lyon","1995","3.5977557","47.3009357","4.8467114","45.7484614","2h"
"460"," Lyon","1996","3.5977557","47.3009357","4.8467114","45.7484614","2h"
"461"," Lyon","1997","3.639387557","47.24918656","4.8467114","45.7484614","2h04"
"462"," Lyon","1998","3.5977557","47.3009357","4.8467114","45.7484614","2h"
"463"," Lyon","1999","3.639387557","47.24918656","4.8467114","45.7484614","2h04"
"464"," Lyon","2000","3.639387557","47.24918656","4.8467114","45.7484614","2h04"
"465"," Lyon","2001","3.54571588","47.36562213","4.8467114","45.7484614","1h55"
"466"," Lyon","2002","3.54571588","47.36562213","4.8467114","45.7484614","1h55"
"467"," Lyon","2003","3.54571588","47.36562213","4.8467114","45.7484614","1h55"
"468"," Lyon","2004","3.535307915","47.37855942","4.8467114","45.7484614","1h54"
"469"," Lyon","2005","3.52489995","47.3914967","4.8467114","45.7484614","1h53"
"470"," Lyon","2006","3.52489995","47.3914967","4.8467114","45.7484614","1h53"
"471"," Lyon","2007","3.54571588","47.36562213","4.8467114","45.7484614","1h55"
"472"," Lyon","2008","3.566531808","47.33974756","4.8467114","45.7484614","1h57"
"473"," Lyon","2009","3.556123843","47.35268484","4.8467114","45.7484614","1h56"
"474"," Lyon","2010","3.566531808","47.33974756","4.8467114","45.7484614","1h57"
"475"," Lyon","2011","3.566531808","47.33974756","4.8467114","45.7484614","1h57"
"476"," Lyon","2012","3.556123843","47.35268484","4.8467114","45.7484614","1h56"
"477"," Lyon","2013","3.556123843","47.35268484","4.8467114","45.7484614","1h56"
"478"," Lyon","2014","3.556123843","47.35268484","4.8467114","45.7484614","1h56"
"479"," Lyon","2015","3.566531808","47.33974756","4.8467114","45.7484614","1h57"
"480"," Lyon","2016","3.566531808","47.33974756","4.8467114","45.7484614","1h57"
"481"," Lyon","2017","3.566531808","47.33974756","4.8467114","45.7484614","1h57"
"482"," Marseille","1958","5.3810712","43.2969512","5.3810712","43.2969512","7h50"
"483"," Marseille","1959","5.271393305","43.4979295","5.3810712","43.2969512","7h33"
"484"," Marseille","1960","5.245586742","43.54521851","5.3810712","43.2969512","7h29"
"485"," Marseille","1961","5.277844947","43.48610724","5.3810712","43.2969512","7h34"
"486"," Marseille","1962","5.123005566","43.76984131","5.3810712","43.2969512","7h10"
"487"," Marseille","1963","5.123005566","43.76984131","5.3810712","43.2969512","7h10"
"488"," Marseille","1964","5.123005566","43.76984131","5.3810712","43.2969512","7h10"
"489"," Marseille","1965","5.123005566","43.76984131","5.3810712","43.2969512","7h10"
"490"," Marseille","1966","5.123005566","43.76984131","5.3810712","43.2969512","7h10"
"491"," Marseille","1967","5.116553924","43.78166357","5.3810712","43.2969512","7h09"
"492"," Marseille","1968","5.058489157","43.88806384","5.3810712","43.2969512","7h"
"493"," Marseille","1969","4.929456341","44.12450889","5.3810712","43.2969512","6h40"
"494"," Marseille","1970","4.929456341","44.12450889","5.3810712","43.2969512","6h40"
"495"," Marseille","1971","4.884294855","44.20726466","5.3810712","43.2969512","6h33"
"496"," Marseille","1972","4.884294855","44.20726466","5.3810712","43.2969512","6h33"
"497"," Marseille","1973","4.890746494","44.19544241","5.3810712","43.2969512","6h34"
"498"," Marseille","1974","4.890746494","44.19544241","5.3810712","43.2969512","6h34"
"499"," Marseille","1975","4.897198136","44.18362016","5.3810712","43.2969512","6h35"
"500"," Marseille","1976","4.890746494","44.19544241","5.3810712","43.2969512","6h34"
"501"," Marseille","1977","4.890746494","44.19544241","5.3810712","43.2969512","6h34"
"502"," Marseille","1978","4.884294855","44.20726466","5.3810712","43.2969512","6h33"
"503"," Marseille","1979","4.91655306","44.1481534","5.3810712","43.2969512","6h38"
"504"," Marseille","1980","4.929456341","44.12450889","5.3810712","43.2969512","6h40"
"505"," Marseille","1981","4.93590798","44.11268664","5.3810712","43.2969512","6h41"
"506"," Marseille","1982","4.497196403","44.91659983","5.3810712","43.2969512","5h33"
"507"," Marseille","1983","4.477841482","44.95206658","5.3810712","43.2969512","5h30"
"508"," Marseille","1984","4.219775848","45.4249567","5.3810712","43.2969512","4h50"
"509"," Marseille","1985","4.155259439","45.54317922","5.3810712","43.2969512","4h40"
"510"," Marseille","1986","4.155259439","45.54317922","5.3810712","43.2969512","4h40"
"511"," Marseille","1987","4.155259439","45.54317922","5.3810712","43.2969512","4h40"
"512"," Marseille","1988","4.155259439","45.54317922","5.3810712","43.2969512","4h40"
"513"," Marseille","1989","4.155259439","45.54317922","5.3810712","43.2969512","4h40"
"514"," Marseille","1990","4.155259439","45.54317922","5.3810712","43.2969512","4h40"
"515"," Marseille","1991","4.155259439","45.54317922","5.3810712","43.2969512","4h40"
"516"," Marseille","1992","4.155259439","45.54317922","5.3810712","43.2969512","4h40"
"517"," Marseille","1993","4.161711078","45.53135698","5.3810712","43.2969512","4h41"
"518"," Marseille","1994","4.019774981","45.79144653","5.3810712","43.2969512","4h19"
"519"," Marseille","1995","4.045581544","45.74415752","5.3810712","43.2969512","4h23"
"520"," Marseille","1996","4.045581544","45.74415752","5.3810712","43.2969512","4h23"
"521"," Marseille","1997","4.058484825","45.72051302","5.3810712","43.2969512","4h25"
"522"," Marseille","1998","4.064936467","45.70869076","5.3810712","43.2969512","4h26"
"523"," Marseille","1999","4.02622662","45.77962428","5.3810712","43.2969512","4h20"
"524"," Marseille","2000","4.013323339","45.80326879","5.3810712","43.2969512","4h18"
"525"," Marseille","2001","3.510095352","46.7254045","5.3810712","43.2969512","3h"
"526"," Marseille","2002","3.510095352","46.7254045","5.3810712","43.2969512","3h"
"527"," Marseille","2003","3.510095352","46.7254045","5.3810712","43.2969512","3h"
"528"," Marseille","2004","3.510095352","46.7254045","5.3810712","43.2969512","3h"
"529"," Marseille","2005","3.510095352","46.7254045","5.3810712","43.2969512","3h"
"530"," Marseille","2006","3.510095352","46.7254045","5.3810712","43.2969512","3h"
"531"," Marseille","2007","3.529450275","46.68993774","5.3810712","43.2969512","3h03"
"532"," Marseille","2008","3.522998636","46.70175999","5.3810712","43.2969512","3h02"
"533"," Marseille","2009","3.522998636","46.70175999","5.3810712","43.2969512","3h02"
"534"," Marseille","2010","3.529450275","46.68993774","5.3810712","43.2969512","3h03"
"535"," Marseille","2011","3.516546994","46.71358225","5.3810712","43.2969512","3h01"
"536"," Marseille","2012","3.542353557","46.66629324","5.3810712","43.2969512","3h05"
"537"," Marseille","2013","3.542353557","46.66629324","5.3810712","43.2969512","3h05"
"538"," Marseille","2014","3.542353557","46.66629324","5.3810712","43.2969512","3h05"
"539"," Marseille","2015","3.542353557","46.66629324","5.3810712","43.2969512","3h05"
"540"," Marseille","2016","3.542353557","46.66629324","5.3810712","43.2969512","3h05"
"541"," Marseille","2017","3.542353557","46.66629324","5.3810712","43.2969512","3h05"
"542"," Montpellier","1958","3.8772301","43.6109201","3.8772301","43.6109201","8h28"
"543"," Montpellier","1959","3.8772301","43.6109201","3.8772301","43.6109201","8h28"
"544"," Montpellier","1960","3.859177775","43.67283927","3.8772301","43.6109201","8h22"
"545"," Montpellier","1961","3.675645815","44.30235086","3.8772301","43.6109201","8h22"
"546"," Montpellier","1962","3.675645815","44.30235086","3.8772301","43.6109201","8h22"
"547"," Montpellier","1963","3.675645815","44.30235086","3.8772301","43.6109201","7h21"
"548"," Montpellier","1964","3.675645815","44.30235086","3.8772301","43.6109201","7h21"
"549"," Montpellier","1965","3.690689419","44.25075154","3.8772301","43.6109201","7h26"
"550"," Montpellier","1966","3.690689419","44.25075154","3.8772301","43.6109201","7h26"
"551"," Montpellier","1967","3.684671977","44.27139127","3.8772301","43.6109201","7h24"
"552"," Montpellier","1968","3.666619653","44.33331044","3.8772301","43.6109201","7h18"
"553"," Montpellier","1969","3.609453961","44.52938782","3.8772301","43.6109201","6h59"
"554"," Montpellier","1970","3.609453961","44.52938782","3.8772301","43.6109201","6h59"
"555"," Montpellier","1971","3.588392916","44.60162685","3.8772301","43.6109201","6h52"
"556"," Montpellier","1972","3.588392916","44.60162685","3.8772301","43.6109201","6h52"
"557"," Montpellier","1973","3.597419078","44.57066727","3.8772301","43.6109201","6h55"
"558"," Montpellier","1974","3.597419078","44.57066727","3.8772301","43.6109201","6h55"
"559"," Montpellier","1975","3.597419078","44.57066727","3.8772301","43.6109201","6h55"
"560"," Montpellier","1976","3.588392916","44.60162685","3.8772301","43.6109201","6h52"
"561"," Montpellier","1977","3.609453961","44.52938782","3.8772301","43.6109201","6h59"
"562"," Montpellier","1978","3.594410357","44.58098713","3.8772301","43.6109201","6h54"
"563"," Montpellier","1979","3.582375474","44.62226658","3.8772301","43.6109201","6h50"
"564"," Montpellier","1980","3.594410357","44.58098713","3.8772301","43.6109201","6h54"
"565"," Montpellier","1981","3.585384195","44.61194672","3.8772301","43.6109201","6h51"
"566"," Montpellier","1982","3.353712704","45.40657609","3.8772301","43.6109201","5h34"
"567"," Montpellier","1983","3.335660379","45.46849526","3.8772301","43.6109201","5h28"
"568"," Montpellier","1984","3.212302832","45.8916096","3.8772301","43.6109201","4h47"
"569"," Montpellier","1985","3.176198185","46.01544795","3.8772301","43.6109201","4h35"
"570"," Montpellier","1986","3.176198185","46.01544795","3.8772301","43.6109201","4h35"
"571"," Montpellier","1987","3.191241787","45.96384864","3.8772301","43.6109201","4h40"
"572"," Montpellier","1988","3.191241787","45.96384864","3.8772301","43.6109201","4h40"
"573"," Montpellier","1989","3.191241787","45.96384864","3.8772301","43.6109201","4h40"
"574"," Montpellier","1990","3.191241787","45.96384864","3.8772301","43.6109201","4h40"
"575"," Montpellier","1991","3.188233066","45.9741685","3.8772301","43.6109201","4h39"
"576"," Montpellier","1992","3.188233066","45.9741685","3.8772301","43.6109201","4h39"
"577"," Montpellier","1993","3.188233066","45.9741685","3.8772301","43.6109201","4h39"
"578"," Montpellier","1994","3.097971446","46.28376436","3.8772301","43.6109201","4h09"
"579"," Montpellier","1995","3.097971446","46.28376436","3.8772301","43.6109201","4h09"
"580"," Montpellier","1996","3.100980167","46.2734445","3.8772301","43.6109201","4h10"
"581"," Montpellier","1997","3.11301505","46.23216505","3.8772301","43.6109201","4h14"
"582"," Montpellier","1998","3.122041212","46.20120546","3.8772301","43.6109201","4h17"
"583"," Montpellier","1999","3.122041212","46.20120546","3.8772301","43.6109201","4h17"
"584"," Montpellier","2000","3.128058654","46.18056574","3.8772301","43.6109201","4h19"
"585"," Montpellier","2001","2.941517972","46.82039718","3.8772301","43.6109201","3h17"
"586"," Montpellier","2002","2.93249181","46.85135677","3.8772301","43.6109201","3h14"
"587"," Montpellier","2003","2.938509252","46.83071704","3.8772301","43.6109201","3h16"
"588"," Montpellier","2004","2.938509252","46.83071704","3.8772301","43.6109201","3h16"
"589"," Montpellier","2005","2.938509252","46.83071704","3.8772301","43.6109201","3h16"
"590"," Montpellier","2006","2.938509252","46.83071704","3.8772301","43.6109201","3h16"
"591"," Montpellier","2007","2.944526693","46.81007732","3.8772301","43.6109201","3h18"
"592"," Montpellier","2008","2.944526693","46.81007732","3.8772301","43.6109201","3h18"
"593"," Montpellier","2009","2.944526693","46.81007732","3.8772301","43.6109201","3h18"
"594"," Montpellier","2010","2.944526693","46.81007732","3.8772301","43.6109201","3h18"
"595"," Montpellier","2011","2.947535412","46.79975746","3.8772301","43.6109201","3h19"
"596"," Montpellier","2012","2.947535412","46.79975746","3.8772301","43.6109201","3h19"
"597"," Montpellier","2013","2.947535412","46.79975746","3.8772301","43.6109201","3h19"
"598"," Montpellier","2014","2.947535412","46.79975746","3.8772301","43.6109201","3h19"
"599"," Montpellier","2015","2.947535412","46.79975746","3.8772301","43.6109201","3h19"
"600"," Montpellier","2016","2.947535412","46.79975746","3.8772301","43.6109201","3h19"
"601"," Montpellier","2017","2.947535412","46.79975746","3.8772301","43.6109201","3h19"
"602"," Nantes","1958","-1.5533615","47.2172515","-1.5533615","47.2172515","4h10"
"603"," Nantes","1959","-1.288014518","47.32851028","-1.5533615","47.2172515","3h53"
"604"," Nantes","1960","-1.366057748","47.29578711","-1.5533615","47.2172515","3h58"
"605"," Nantes","1961","-1.366057748","47.29578711","-1.5533615","47.2172515","3h58"
"606"," Nantes","1962","-1.381666394","47.28924247","-1.5533615","47.2172515","3h59"
"607"," Nantes","1963","-1.381666394","47.28924247","-1.5533615","47.2172515","3h59"
"608"," Nantes","1964","-1.381666394","47.28924247","-1.5533615","47.2172515","3h59"
"609"," Nantes","1965","-1.381666394","47.28924247","-1.5533615","47.2172515","3h59"
"610"," Nantes","1966","-1.147536704","47.38741198","-1.5533615","47.2172515","3h44"
"611"," Nantes","1967","-1.069493474","47.42013515","-1.5533615","47.2172515","3h39"
"612"," Nantes","1968","-1.053884828","47.42667979","-1.5533615","47.2172515","3h38"
"613"," Nantes","1969","-1.022667536","47.43976906","-1.5533615","47.2172515","3h36"
"614"," Nantes","1970","-0.741711908","47.55757247","-1.5533615","47.2172515","3h18"
"615"," Nantes","1971","-0.741711908","47.55757247","-1.5533615","47.2172515","3h18"
"616"," Nantes","1972","-0.741711908","47.55757247","-1.5533615","47.2172515","3h18"
"617"," Nantes","1973","-0.570016802","47.62956344","-1.5533615","47.2172515","3h07"
"618"," Nantes","1974","-0.53879951","47.64265271","-1.5533615","47.2172515","3h05"
"619"," Nantes","1975","-0.53879951","47.64265271","-1.5533615","47.2172515","3h06"
"620"," Nantes","1976","-0.53879951","47.64265271","-1.5533615","47.2172515","3h07"
"621"," Nantes","1977","-0.53879951","47.64265271","-1.5533615","47.2172515","3h08"
"622"," Nantes","1978","-0.554408156","47.63610808","-1.5533615","47.2172515","3h06"
"623"," Nantes","1979","-0.570016802","47.62956344","-1.5533615","47.2172515","3h07"
"624"," Nantes","1980","-0.679277324","47.583751","-1.5533615","47.2172515","3h14"
"625"," Nantes","1981","-0.710494616","47.57066174","-1.5533615","47.2172515","3h16"
"626"," Nantes","1982","-0.726103262","47.5641171","-1.5533615","47.2172515","3h17"
"627"," Nantes","1983","-0.726103262","47.5641171","-1.5533615","47.2172515","3h17"
"628"," Nantes","1984","-0.507582218","47.65574198","-1.5533615","47.2172515","3h03"
"629"," Nantes","1985","-0.351495758","47.72118832","-1.5533615","47.2172515","2h53"
"630"," Nantes","1986","-0.351495758","47.72118832","-1.5533615","47.2172515","2h53"
"631"," Nantes","1987","-0.38271305","47.70809905","-1.5533615","47.2172515","2h55"
"632"," Nantes","1988","-0.38271305","47.70809905","-1.5533615","47.2172515","2h55"
"633"," Nantes","1989","0.491371126","48.07459855","-1.5533615","47.2172515","1h59"
"634"," Nantes","1990","0.491371126","48.07459855","-1.5533615","47.2172515","1h59"
"635"," Nantes","1991","0.506979772","48.08114319","-1.5533615","47.2172515","1h58"
"636"," Nantes","1992","0.491371126","48.07459855","-1.5533615","47.2172515","1h59"
"637"," Nantes","1993","0.47576248","48.06805392","-1.5533615","47.2172515","2h"
"638"," Nantes","1994","0.47576248","48.06805392","-1.5533615","47.2172515","2h"
"639"," Nantes","1995","0.444545188","48.05496465","-1.5533615","47.2172515","2h02"
"640"," Nantes","1996","0.460153834","48.06150929","-1.5533615","47.2172515","2h01"
"641"," Nantes","1997","0.460153834","48.06150929","-1.5533615","47.2172515","2h01"
"642"," Nantes","1998","0.428936542","48.04842002","-1.5533615","47.2172515","2h03"
"643"," Nantes","1999","0.491371126","48.07459855","-1.5533615","47.2172515","1h59"
"644"," Nantes","2000","0.491371126","48.07459855","-1.5533615","47.2172515","1h59"
"645"," Nantes","2001","0.491371126","48.07459855","-1.5533615","47.2172515","1h59"
"646"," Nantes","2002","0.491371126","48.07459855","-1.5533615","47.2172515","1h59"
"647"," Nantes","2003","0.491371126","48.07459855","-1.5533615","47.2172515","1h59"
"648"," Nantes","2004","0.491371126","48.07459855","-1.5533615","47.2172515","1h59"
"649"," Nantes","2005","0.491371126","48.07459855","-1.5533615","47.2172515","1h59"
"650"," Nantes","2006","0.491371126","48.07459855","-1.5533615","47.2172515","1h59"
"651"," Nantes","2007","0.491371126","48.07459855","-1.5533615","47.2172515","1h59"
"652"," Nantes","2008","0.491371126","48.07459855","-1.5533615","47.2172515","1h59"
"653"," Nantes","2009","0.491371126","48.07459855","-1.5533615","47.2172515","1h59"
"654"," Nantes","2010","0.47576248","48.06805392","-1.5533615","47.2172515","2h"
"655"," Nantes","2011","0.428936542","48.04842002","-1.5533615","47.2172515","2h03"
"656"," Nantes","2012","0.413327896","48.04187538","-1.5533615","47.2172515","2h04"
"657"," Nantes","2013","0.413327896","48.04187538","-1.5533615","47.2172515","2h04"
"658"," Nantes","2014","0.39771925","48.03533075","-1.5533615","47.2172515","2h05"
"659"," Nantes","2015","0.428936542","48.04842002","-1.5533615","47.2172515","2h03"
"660"," Nantes","2016","0.428936542","48.04842002","-1.5533615","47.2172515","2h03"
"661"," Nantes","2017","0.538197064","48.09423246","-1.5533615","47.2172515","1h56"
"662"," Nice","1958","7.2660812","43.7031312","7.2660812","43.7031312","10h45"
"663"," Nice","1959","7.2660812","43.7031312","7.2660812","43.7031312","10h45"
"664"," Nice","1960","7.151725823","43.82290513","7.2660812","43.7031312","10h30"
"665"," Nice","1961","7.151725823","43.82290513","7.2660812","43.7031312","10h30"
"666"," Nice","1962","7.151725823","43.82290513","7.2660812","43.7031312","10h30"
"667"," Nice","1963","7.067865211","43.91073934","7.2660812","43.7031312","10h19"
"668"," Nice","1964","7.083112599","43.89476948","7.2660812","43.7031312","10h21"
"669"," Nice","1965","7.083112599","43.89476948","7.2660812","43.7031312","10h21"
"670"," Nice","1966","6.961133528","44.02252834","7.2660812","43.7031312","10h5"
"671"," Nice","1967","6.984004604","43.99857355","7.2660812","43.7031312","10h8"
"672"," Nice","1968","6.831530768","44.15827212","7.2660812","43.7031312","9h48"
"673"," Nice","1969","6.511335714","44.49363911","7.2660812","43.7031312","9h06"
"674"," Nice","1970","6.480840949","44.52557882","7.2660812","43.7031312","9h02"
"675"," Nice","1971","6.480840949","44.52557882","7.2660812","43.7031312","9h02"
"676"," Nice","1972","6.450346179","44.55751854","7.2660812","43.7031312","8h58"
"677"," Nice","1973","6.488464638","44.51759389","7.2660812","43.7031312","9h03"
"678"," Nice","1974","6.473217255","44.53356375","7.2660812","43.7031312","9h01"
"679"," Nice","1975","6.488464638","44.51759389","7.2660812","43.7031312","9h03"
"680"," Nice","1976","6.488464638","44.51759389","7.2660812","43.7031312","9h03"
"681"," Nice","1977","6.473217255","44.53356375","7.2660812","43.7031312","9h01"
"682"," Nice","1978","6.473217255","44.53356375","7.2660812","43.7031312","9h01"
"683"," Nice","1979","6.511335714","44.49363911","7.2660812","43.7031312","9h06"
"684"," Nice","1980","6.549454173","44.45371447","7.2660812","43.7031312","9h11"
"685"," Nice","1981","6.549454173","44.45371447","7.2660812","43.7031312","9h11"
"686"," Nice","1982","6.076785282","44.94878003","7.2660812","43.7031312","8h09"
"687"," Nice","1983","6.069161589","44.95676496","7.2660812","43.7031312","8h08"
"688"," Nice","1984","5.703224386","45.34004151","7.2660812","43.7031312","7h20"
"689"," Nice","1985","5.665105927","45.37996616","7.2660812","43.7031312","7h15"
"690"," Nice","1986","5.64985854","45.39593602","7.2660812","43.7031312","7h13"
"691"," Nice","1987","5.52025578","45.5316798","7.2660812","43.7031312","6h56"
"692"," Nice","1988","5.55075055","45.49974008","7.2660812","43.7031312","7h"
"693"," Nice","1989","5.527879474","45.52369487","7.2660812","43.7031312","6h57"
"694"," Nice","1990","5.527879474","45.52369487","7.2660812","43.7031312","6h57"
"695"," Nice","1991","5.52025578","45.5316798","7.2660812","43.7031312","6h56"
"696"," Nice","1992","5.527879474","45.52369487","7.2660812","43.7031312","6h57"
"697"," Nice","1993","5.535503168","45.51570994","7.2660812","43.7031312","6h58"
"698"," Nice","1994","5.322039796","45.73928793","7.2660812","43.7031312","6h30"
"699"," Nice","1995","5.360158255","45.69936329","7.2660812","43.7031312","6h35"
"700"," Nice","1996","5.306792414","45.75525779","7.2660812","43.7031312","6h28"
"701"," Nice","1997","5.291545026","45.77122765","7.2660812","43.7031312","6h26"
"702"," Nice","1998","5.367781944","45.69137837","7.2660812","43.7031312","6h36"
"703"," Nice","1999","5.337287179","45.72331808","7.2660812","43.7031312","6h32"
"704"," Nice","2000","5.329663485","45.73130301","7.2660812","43.7031312","6h31"
"705"," Nice","2001","4.887489365","46.19442885","7.2660812","43.7031312","5h33"
"706"," Nice","2002","4.895113054","46.18644393","7.2660812","43.7031312","5h34"
"707"," Nice","2003","4.887489365","46.19442885","7.2660812","43.7031312","5h33"
"708"," Nice","2004","4.872241982","46.21039871","7.2660812","43.7031312","5h31"
"709"," Nice","2005","4.841747212","46.24233842","7.2660812","43.7031312","5h27"
"710"," Nice","2006","4.826499829","46.25830828","7.2660812","43.7031312","5h25"
"711"," Nice","2007","4.856994595","46.22636857","7.2660812","43.7031312","5h29"
"712"," Nice","2008","4.856994595","46.22636857","7.2660812","43.7031312","5h29"
"713"," Nice","2009","4.902736747","46.178459","7.2660812","43.7031312","5h35"
"714"," Nice","2010","4.910360441","46.17047406","7.2660812","43.7031312","5h36"
"715"," Nice","2011","4.91798413","46.16248914","7.2660812","43.7031312","5h37"
"716"," Nice","2012","4.91798413","46.16248914","7.2660812","43.7031312","5h37"
"717"," Nice","2013","4.910360441","46.17047406","7.2660812","43.7031312","5h36"
"718"," Nice","2014","4.910360441","46.17047406","7.2660812","43.7031312","5h36"
"719"," Nice","2015","4.910360441","46.17047406","7.2660812","43.7031312","5h36"
"720"," Nice","2016","4.895113054","46.18644393","7.2660812","43.7031312","5h34"
"721"," Nice","2017","4.887489365","46.19442885","7.2660812","43.7031312","5h33"
"722"," Rennes","1958","-1.6742903","48.1119803","-1.6742903","48.1119803","4h05"
"723"," Rennes","1959","-1.510082531","48.14224274","-1.6742903","48.1119803","3h55"
"724"," Rennes","1960","-1.510082531","48.14224274","-1.6742903","48.1119803","3h55"
"725"," Rennes","1961","-1.115983892","48.21487258","-1.6742903","48.1119803","3h31"
"726"," Rennes","1962","-1.230929327","48.19368888","-1.6742903","48.1119803","3h38"
"727"," Rennes","1963","-1.033880009","48.2300038","-1.6742903","48.1119803","3h26"
"728"," Rennes","1964","-1.033880009","48.2300038","-1.6742903","48.1119803","3h26"
"729"," Rennes","1965","-1.033880009","48.2300038","-1.6742903","48.1119803","3h26"
"730"," Rennes","1966","-0.623360588","48.3056599","-1.6742903","48.1119803","3h01"
"731"," Rennes","1967","-0.623360588","48.3056599","-1.6742903","48.1119803","3h01"
"732"," Rennes","1968","-0.623360588","48.3056599","-1.6742903","48.1119803","3h01"
"733"," Rennes","1969","-0.606939814","48.30868614","-1.6742903","48.1119803","3h"
"734"," Rennes","1970","-0.606939814","48.30868614","-1.6742903","48.1119803","3h"
"735"," Rennes","1971","-0.524835927","48.32381736","-1.6742903","48.1119803","2h55"
"736"," Rennes","1972","-0.524835927","48.32381736","-1.6742903","48.1119803","2h55"
"737"," Rennes","1973","-0.557677484","48.31776487","-1.6742903","48.1119803","2h57"
"738"," Rennes","1974","-0.557677484","48.31776487","-1.6742903","48.1119803","2h57"
"739"," Rennes","1975","-0.557677484","48.31776487","-1.6742903","48.1119803","2h57"
"740"," Rennes","1976","-0.574098258","48.31473863","-1.6742903","48.1119803","2h58"
"741"," Rennes","1977","-0.574098258","48.31473863","-1.6742903","48.1119803","2h58"
"742"," Rennes","1978","-0.574098258","48.31473863","-1.6742903","48.1119803","2h58"
"743"," Rennes","1979","-0.557677484","48.31776487","-1.6742903","48.1119803","2h57"
"744"," Rennes","1980","-0.524835927","48.32381736","-1.6742903","48.1119803","2h55"
"745"," Rennes","1981","-0.524835927","48.32381736","-1.6742903","48.1119803","2h55"
"746"," Rennes","1982","-0.541256706","48.32079111","-1.6742903","48.1119803","2h56"
"747"," Rennes","1983","-0.541256706","48.32079111","-1.6742903","48.1119803","2h56"
"748"," Rennes","1984","-0.541256706","48.32079111","-1.6742903","48.1119803","2h56"
"749"," Rennes","1985","-0.557677484","48.31776487","-1.6742903","48.1119803","2h57"
"750"," Rennes","1986","-0.557677484","48.31776487","-1.6742903","48.1119803","2h57"
"751"," Rennes","1987","-0.508415153","48.3268436","-1.6742903","48.1119803","2h54"
"752"," Rennes","1988","-0.491994375","48.32986984","-1.6742903","48.1119803","2h53"
"753"," Rennes","1989","0.312623685","48.47815578","-1.6742903","48.1119803","2h04"
"754"," Rennes","1990","0.312623685","48.47815578","-1.6742903","48.1119803","2h04"
"755"," Rennes","1991","0.345465237","48.48420827","-1.6742903","48.1119803","2h02"
"756"," Rennes","1992","0.279782133","48.4721033","-1.6742903","48.1119803","2h06"
"757"," Rennes","1993","0.329044463","48.48118203","-1.6742903","48.1119803","2h03"
"758"," Rennes","1994","0.329044463","48.48118203","-1.6742903","48.1119803","2h03"
"759"," Rennes","1995","0.329044463","48.48118203","-1.6742903","48.1119803","2h03"
"760"," Rennes","1996","0.345465237","48.48420827","-1.6742903","48.1119803","2h03"
"761"," Rennes","1997","0.329044463","48.48118203","-1.6742903","48.1119803","2h03"
"762"," Rennes","1998","0.296202907","48.47512954","-1.6742903","48.1119803","2h05"
"763"," Rennes","1999","0.230519802","48.46302457","-1.6742903","48.1119803","2h09"
"764"," Rennes","2000","0.329044463","48.48118203","-1.6742903","48.1119803","2h03"
"765"," Rennes","2001","0.329044463","48.48118203","-1.6742903","48.1119803","2h03"
"766"," Rennes","2002","0.329044463","48.48118203","-1.6742903","48.1119803","2h03"
"767"," Rennes","2003","0.329044463","48.48118203","-1.6742903","48.1119803","2h03"
"768"," Rennes","2004","0.329044463","48.48118203","-1.6742903","48.1119803","2h03"
"769"," Rennes","2005","0.329044463","48.48118203","-1.6742903","48.1119803","2h03"
"770"," Rennes","2006","0.329044463","48.48118203","-1.6742903","48.1119803","2h03"
"771"," Rennes","2007","0.329044463","48.48118203","-1.6742903","48.1119803","2h03"
"772"," Rennes","2008","0.329044463","48.48118203","-1.6742903","48.1119803","2h03"
"773"," Rennes","2009","0.329044463","48.48118203","-1.6742903","48.1119803","2h03"
"774"," Rennes","2010","0.329044463","48.48118203","-1.6742903","48.1119803","2h03"
"775"," Rennes","2011","0.263361354","48.46907705","-1.6742903","48.1119803","2h07"
"776"," Rennes","2012","0.279782133","48.4721033","-1.6742903","48.1119803","2h06"
"777"," Rennes","2013","0.279782133","48.4721033","-1.6742903","48.1119803","2h06"
"778"," Rennes","2014","0.312623685","48.47815578","-1.6742903","48.1119803","2h04"
"779"," Rennes","2015","0.312623685","48.47815578","-1.6742903","48.1119803","2h04"
"780"," Rennes","2016","0.312623685","48.47815578","-1.6742903","48.1119803","2h04"
"781"," Rennes","2017","0.953033976","48.59617929","-1.6742903","48.1119803","1h25"
"782"," Strasbourg","1958","7.7455321","48.5839221","7.7455321","48.5839221","5h11"
"783"," Strasbourg","1959","7.7455321","48.5839221","7.7455321","48.5839221","5h11"
"784"," Strasbourg","1960","7.7455321","48.5839221","7.7455321","48.5839221","5h11"
"785"," Strasbourg","1961","7.1728885","48.61251728","7.7455321","48.5839221","4h38"
"786"," Strasbourg","1962","6.70436192","48.63591333","7.7455321","48.5839221","4h11"
"787"," Strasbourg","1963","6.70436192","48.63591333","7.7455321","48.5839221","4h11"
"788"," Strasbourg","1964","6.756420428","48.63331377","7.7455321","48.5839221","4h14"
"789"," Strasbourg","1965","6.70436192","48.63591333","7.7455321","48.5839221","4h11"
"790"," Strasbourg","1966","6.70436192","48.63591333","7.7455321","48.5839221","4h11"
"791"," Strasbourg","1967","6.756420428","48.63331377","7.7455321","48.5839221","4h14"
"792"," Strasbourg","1968","6.582892063","48.64197898","7.7455321","48.5839221","4h04"
"793"," Strasbourg","1969","6.461422212","48.64804462","7.7455321","48.5839221","3h57"
"794"," Strasbourg","1970","6.461422212","48.64804462","7.7455321","48.5839221","3h57"
"795"," Strasbourg","1971","6.305246684","48.65584331","7.7455321","48.5839221","3h48"
"796"," Strasbourg","1972","6.305246684","48.65584331","7.7455321","48.5839221","3h48"
"797"," Strasbourg","1973","6.287893848","48.65670983","7.7455321","48.5839221","3h47"
"798"," Strasbourg","1974","6.374658027","48.65237723","7.7455321","48.5839221","3h52"
"799"," Strasbourg","1975","6.374658027","48.65237723","7.7455321","48.5839221","3h52"
"800"," Strasbourg","1976","6.374658027","48.65237723","7.7455321","48.5839221","3h52"
"801"," Strasbourg","1977","6.374658027","48.65237723","7.7455321","48.5839221","3h52"
"802"," Strasbourg","1978","6.374658027","48.65237723","7.7455321","48.5839221","3h52"
"803"," Strasbourg","1979","6.374658027","48.65237723","7.7455321","48.5839221","3h52"
"804"," Strasbourg","1980","6.392010863","48.65151071","7.7455321","48.5839221","3h53"
"805"," Strasbourg","1981","6.357305192","48.65324375","7.7455321","48.5839221","3h51"
"806"," Strasbourg","1982","6.253188176","48.65844287","7.7455321","48.5839221","3h45"
"807"," Strasbourg","1983","6.305246684","48.65584331","7.7455321","48.5839221","3h48"
"808"," Strasbourg","1984","6.305246684","48.65584331","7.7455321","48.5839221","3h48"
"809"," Strasbourg","1985","6.305246684","48.65584331","7.7455321","48.5839221","3h48"
"810"," Strasbourg","1986","6.305246684","48.65584331","7.7455321","48.5839221","3h48"
"811"," Strasbourg","1987","6.305246684","48.65584331","7.7455321","48.5839221","3h48"
"812"," Strasbourg","1988","6.305246684","48.65584331","7.7455321","48.5839221","3h48"
"813"," Strasbourg","1989","6.305246684","48.65584331","7.7455321","48.5839221","3h48"
"814"," Strasbourg","1990","6.305246684","48.65584331","7.7455321","48.5839221","3h48"
"815"," Strasbourg","1991","6.32259952","48.65497679","7.7455321","48.5839221","3h49"
"816"," Strasbourg","1992","6.42671654","48.64977766","7.7455321","48.5839221","3h55"
"817"," Strasbourg","1993","6.444069376","48.64891114","7.7455321","48.5839221","3h56"
"818"," Strasbourg","1994","6.339952356","48.65411027","7.7455321","48.5839221","3h50"
"819"," Strasbourg","1995","6.374658027","48.65237723","7.7455321","48.5839221","3h52"
"820"," Strasbourg","1996","6.357305192","48.65324375","7.7455321","48.5839221","3h51"
"821"," Strasbourg","1997","6.357305192","48.65324375","7.7455321","48.5839221","3h51"
"822"," Strasbourg","1998","6.374658027","48.65237723","7.7455321","48.5839221","3h52"
"823"," Strasbourg","1999","6.461422212","48.64804462","7.7455321","48.5839221","3h57"
"824"," Strasbourg","2000","6.392010863","48.65151071","7.7455321","48.5839221","3h53"
"825"," Strasbourg","2001","6.374658027","48.65237723","7.7455321","48.5839221","3h52"
"826"," Strasbourg","2002","6.461422212","48.64804462","7.7455321","48.5839221","3h57"
"827"," Strasbourg","2003","6.496127884","48.64631158","7.7455321","48.5839221","3h59"
"828"," Strasbourg","2004","6.478775048","48.6471781","7.7455321","48.5839221","3h58"
"829"," Strasbourg","2005","6.461422212","48.64804462","7.7455321","48.5839221","3h57"
"830"," Strasbourg","2006","6.42671654","48.64977766","7.7455321","48.5839221","3h55"
"831"," Strasbourg","2007","4.726138575","48.73469668","7.7455321","48.5839221","2h17"
"832"," Strasbourg","2008","4.726138575","48.73469668","7.7455321","48.5839221","2h17"
"833"," Strasbourg","2009","4.726138575","48.73469668","7.7455321","48.5839221","2h17"
"834"," Strasbourg","2010","4.726138575","48.73469668","7.7455321","48.5839221","2h17"
"835"," Strasbourg","2011","4.569963052","48.74249537","7.7455321","48.5839221","2h08"
"836"," Strasbourg","2012","4.726138575","48.73469668","7.7455321","48.5839221","2h17"
"837"," Strasbourg","2013","4.726138575","48.73469668","7.7455321","48.5839221","2h17"
"838"," Strasbourg","2014","4.726138575","48.73469668","7.7455321","48.5839221","2h17"
"839"," Strasbourg","2015","4.726138575","48.73469668","7.7455321","48.5839221","2h17"
"840"," Strasbourg","2016","4.188200652","48.76155882","7.7455321","48.5839221","1h46"
"841"," Strasbourg","2017","4.188200652","48.76155882","7.7455321","48.5839221","1h46"
"842"," Toulouse","1958","1.4436712","43.6042612","1.4436712","43.6042612","7h38"
"843"," Toulouse","1959","1.465410101","43.73033246","1.4436712","43.6042612","7h27"
"844"," Toulouse","1960","1.518769222","44.03978009","1.4436712","43.6042612","7h"
"845"," Toulouse","1961","1.518769222","44.03978009","1.4436712","43.6042612","7h"
"846"," Toulouse","1962","1.548413179","44.21169545","1.4436712","43.6042612","6h45"
"847"," Toulouse","1963","1.524698014","44.07416317","1.4436712","43.6042612","6h57"
"848"," Toulouse","1964","1.548413179","44.21169545","1.4436712","43.6042612","6h45"
"849"," Toulouse","1965","1.548413179","44.21169545","1.4436712","43.6042612","6h45"
"850"," Toulouse","1966","1.558294498","44.26900057","1.4436712","43.6042612","6h40"
"851"," Toulouse","1967","1.637345048","44.72744151","1.4436712","43.6042612","6h"
"852"," Toulouse","1968","1.637345048","44.72744151","1.4436712","43.6042612","6h"
"853"," Toulouse","1969","1.637345048","44.72744151","1.4436712","43.6042612","6h"
"854"," Toulouse","1970","1.637345048","44.72744151","1.4436712","43.6042612","6h"
"855"," Toulouse","1971","1.645250103","44.77328561","1.4436712","43.6042612","5h56"
"856"," Toulouse","1972","1.645250103","44.77328561","1.4436712","43.6042612","5h56"
"857"," Toulouse","1973","1.645250103","44.77328561","1.4436712","43.6042612","5h56"
"858"," Toulouse","1974","1.645250103","44.77328561","1.4436712","43.6042612","5h56"
"859"," Toulouse","1975","1.639321312","44.73890253","1.4436712","43.6042612","5h59"
"860"," Toulouse","1976","1.639321312","44.73890253","1.4436712","43.6042612","5h59"
"861"," Toulouse","1977","1.639321312","44.73890253","1.4436712","43.6042612","5h59"
"862"," Toulouse","1978","1.633392521","44.70451946","1.4436712","43.6042612","6h02"
"863"," Toulouse","1979","1.633392521","44.70451946","1.4436712","43.6042612","6h02"
"864"," Toulouse","1980","1.633392521","44.70451946","1.4436712","43.6042612","6h02"
"865"," Toulouse","1981","1.633392521","44.70451946","1.4436712","43.6042612","6h02"
"866"," Toulouse","1982","1.639321312","44.73890253","1.4436712","43.6042612","5h59"
"867"," Toulouse","1983","1.639321312","44.73890253","1.4436712","43.6042612","5h59"
"868"," Toulouse","1984","1.639321312","44.73890253","1.4436712","43.6042612","5h59"
"869"," Toulouse","1985","1.639321312","44.73890253","1.4436712","43.6042612","5h59"
"870"," Toulouse","1986","1.639321312","44.73890253","1.4436712","43.6042612","5h59"
"871"," Toulouse","1987","1.639321312","44.73890253","1.4436712","43.6042612","5h59"
"872"," Toulouse","1988","1.639321312","44.73890253","1.4436712","43.6042612","5h59"
"873"," Toulouse","1989","1.633392521","44.70451946","1.4436712","43.6042612","6h02"
"874"," Toulouse","1990","1.633392521","44.70451946","1.4436712","43.6042612","6h02"
"875"," Toulouse","1991","1.61758241","44.61283128","1.4436712","43.6042612","6h10"
"876"," Toulouse","1992","1.599796037","44.50968206","1.4436712","43.6042612","6h19"
"877"," Toulouse","1993","1.587938454","44.44091592","1.4436712","43.6042612","6h25"
"878"," Toulouse","1994","1.595843509","44.48676002","1.4436712","43.6042612","6h21"
"879"," Toulouse","1995","1.62746373","44.6701364","1.4436712","43.6042612","6h05"
"880"," Toulouse","1996","1.62746373","44.6701364","1.4436712","43.6042612","6h05"
"881"," Toulouse","1997","1.621534938","44.63575332","1.4436712","43.6042612","6h08"
"882"," Toulouse","1998","1.589914718","44.45237694","1.4436712","43.6042612","6h24"
"883"," Toulouse","1999","1.593867246","44.47529899","1.4436712","43.6042612","6h22"
"884"," Toulouse","2000","1.595843509","44.48676002","1.4436712","43.6042612","6h21"
"885"," Toulouse","2001","1.639321312","44.73890253","1.4436712","43.6042612","5h59"
"886"," Toulouse","2002","1.641297575","44.75036356","1.4436712","43.6042612","5h58"
"887"," Toulouse","2003","1.639321312","44.73890253","1.4436712","43.6042612","5h59"
"888"," Toulouse","2004","1.641297575","44.75036356","1.4436712","43.6042612","5h58"
"889"," Toulouse","2005","1.621534938","44.63575332","1.4436712","43.6042612","6h08"
"890"," Toulouse","2006","1.631416257","44.69305844","1.4436712","43.6042612","6h03"
"891"," Toulouse","2007","1.615606147","44.60137025","1.4436712","43.6042612","6h11"
"892"," Toulouse","2008","1.607701091","44.55552615","1.4436712","43.6042612","6h15"
"893"," Toulouse","2009","1.613629883","44.58990923","1.4436712","43.6042612","6h12"
"894"," Toulouse","2010","1.613629883","44.58990923","1.4436712","43.6042612","6h12"
"895"," Toulouse","2011","1.613629883","44.58990923","1.4436712","43.6042612","6h12"
"896"," Toulouse","2012","1.613629883","44.58990923","1.4436712","43.6042612","6h12"
"897"," Toulouse","2013","1.613629883","44.58990923","1.4436712","43.6042612","6h12"
"898"," Toulouse","2014","1.706514279","45.12857734","1.4436712","43.6042612","5h25"
"899"," Toulouse","2015","1.704538016","45.11711631","1.4436712","43.6042612","5h26"
"900"," Toulouse","2016","1.702561752","45.10565529","1.4436712","43.6042612","5h27"
"901"," Toulouse","2017","1.840900215","45.90792694","1.4436712","43.6042612","4h17"
