"","V1"
"1","ï»¿Ville,Annee,Longitude,Latitude"
"2"," Bordeaux,1958,-0.5805021,44.8404421"
"3"," Bordeaux,1959,-0.482203468456376,44.9751055489933"
"4"," Bordeaux,1960,-0.433054197651007,45.0424373184564"
"5"," Bordeaux,1961,-0.43305429261745,45.0424374134228"
"6"," Bordeaux,1962,-0.433054387583893,45.0424375083893"
"7"," Bordeaux,1963,-0.433054482550336,45.0424376033557"
"8"," Bordeaux,1964,-0.433054577516778,45.0424376983221"
"9"," Bordeaux,1965,-0.433054672483222,45.0424377932886"
"10"," Bordeaux,1966,-0.433054767449665,45.042437888255"
"11"," Bordeaux,1967,-0.285606724832215,45.244432966443"
"12"," Bordeaux,1968,-0.206967805369128,45.3521637114094"
"13"," Bordeaux,1969,-0.13815875704698,45.4464281194631"
"14"," Bordeaux,1970,-0.138158841946309,45.4464282043624"
"15"," Bordeaux,1971,-0.0103705234899327,45.621490590604"
"16"," Bordeaux,1972,-0.0103706040268454,45.6214906711409"
"17"," Bordeaux,1973,-0.0103706845637581,45.6214907516779"
"18"," Bordeaux,1974,-0.0103707651006708,45.6214908322148"
"19"," Bordeaux,1975,-0.0103708456375839,45.6214909127517"
"20"," Bordeaux,1976,-0.0103709261744966,45.6214909932886"
"21"," Bordeaux,1977,0.0879277852348994,45.7561543624161"
"22"," Bordeaux,1978,0.0879277080536913,45.7561544395973"
"23"," Bordeaux,1979,0.0879276308724832,45.7561545167785"
"24"," Bordeaux,1980,0.0879275536912751,45.7561545939597"
"25"," Bordeaux,1981,0.087927476510067,45.7561546711409"
"26"," Bordeaux,1982,-0.0300311711409398,45.5945588221476"
"27"," Bordeaux,1983,-0.0398611335570469,45.5810925765101"
"28"," Bordeaux,1984,-0.0791807412751679,45.5272273520134"
"29"," Bordeaux,1985,0.0486076402684565,45.7022896751678"
"30"," Bordeaux,1986,0.0486075617449666,45.7022897536913"
"31"," Bordeaux,1987,-0.0202016946308725,45.6080255536913"
"32"," Bordeaux,1988,-0.0300316583892619,45.594559309396"
"33"," Bordeaux,1989,-0.138160455033557,45.4464298174497"
"34"," Bordeaux,1990,0.599080726845638,46.4564042395973"
"35"," Bordeaux,1991,0.638400202684564,46.5102695959732"
"36"," Bordeaux,1992,0.658059912751678,46.5372023020134"
"37"," Bordeaux,1993,0.599080547651007,46.4564044187919"
"38"," Bordeaux,1994,0.618740257718121,46.4833371248322"
"39"," Bordeaux,1995,0.608910313422819,46.4698708610738"
"40"," Bordeaux,1996,0.638399910738255,46.5102698879195"
"41"," Bordeaux,1997,0.549930879194631,46.3890730469799"
"42"," Bordeaux,1998,0.6089101352349,46.4698710392617"
"43"," Bordeaux,1999,0.618739962416107,46.4833374201342"
"44"," Bordeaux,2000,0.608910016442953,46.4698711580537"
"45"," Bordeaux,2001,0.599080069798658,46.4564048966443"
"46"," Bordeaux,2002,0.589250122483222,46.442938635906"
"47"," Bordeaux,2003,0.638399502013423,46.5102702966443"
"48"," Bordeaux,2004,0.628569555369128,46.4968040352349"
"49"," Bordeaux,2005,0.599079830872483,46.4564051355705"
"50"," Bordeaux,2006,0.59907977114094,46.456405195302"
"51"," Bordeaux,2007,0.589249822147651,46.4429389362416"
"52"," Bordeaux,2008,0.599079651677852,46.4564053147651"
"53"," Bordeaux,2009,0.579419812080537,46.429472738255"
"54"," Bordeaux,2010,0.579419751677853,46.4294727986577"
"55"," Bordeaux,2011,0.569589800671141,46.4160065416107"
"56"," Bordeaux,2012,0.569589739932886,46.416006602349"
"57"," Bordeaux,2013,0.44180109261745,46.2409445449664"
"58"," Bordeaux,2014,0.441801027516779,46.2409446100671"
"59"," Bordeaux,2015,0.471290638255034,46.2813436234899"
"60"," Bordeaux,2016,0.461460681879195,46.2678773718121"
"61"," Bordeaux,2017,1.12989331543624,47.183586885906"
"62"," Brest,1958,-4.4833319,48.4000019"
"63"," Brest,1959,-4.4833319,48.4000019"
"64"," Brest,1960,-4.4833319,48.4000019"
"65"," Brest,1961,-4.30471416993464,48.4118558039216"
"66"," Brest,1962,-4.30471416993464,48.4118558039216"
"67"," Brest,1963,-4.30471416993464,48.4118558039216"
"68"," Brest,1964,-4.30471426732026,48.4118559013072"
"69"," Brest,1965,-4.28982954509804,48.4128438152505"
"70"," Brest,1966,-2.93531103812636,48.5027351993464"
"71"," Brest,1967,-2.93531111546841,48.5027352766884"
"72"," Brest,1968,-2.80134781045752,48.5116256971678"
"73"," Brest,1969,-2.71203896296296,48.5175526666667"
"74"," Brest,1970,-2.65249975424837,48.5215040026144"
"75"," Brest,1971,-2.51853643921569,48.5303944130719"
"76"," Brest,1972,-2.51853651045752,48.5303944843137"
"77"," Brest,1973,-2.51853658169935,48.5303945555556"
"78"," Brest,1974,-2.48876700980392,48.5323702559913"
"79"," Brest,1975,-2.48876708061002,48.5323703267974"
"80"," Brest,1976,-2.56319126143791,48.5274313267974"
"81"," Brest,1977,-2.56319133333333,48.5274313986928"
"82"," Brest,1978,-2.56319140522876,48.5274314705882"
"83"," Brest,1979,-2.53342183180828,48.5294071694989"
"84"," Brest,1980,-2.56319154901961,48.5274316143791"
"85"," Brest,1981,-2.62273091328976,48.5234804339869"
"86"," Brest,1982,-2.69715510261438,48.5185414424837"
"87"," Brest,1983,-2.69715517647059,48.5185415163399"
"88"," Brest,1984,-2.71204007407407,48.5175537777778"
"89"," Brest,1985,-2.69715532418301,48.5185416640523"
"90"," Brest,1986,-2.6673857496732,48.5205173618736"
"91"," Brest,1987,-2.6078465254902,48.5244686823529"
"92"," Brest,1988,-2.60784659803922,48.524468754902"
"93"," Brest,1989,-1.25332761045752,48.6143596583878"
"94"," Brest,1990,-1.20867318801743,48.6173231444444"
"95"," Brest,1991,-1.19378841481481,48.6183110074074"
"96"," Brest,1992,-1.20867329215686,48.6173232485839"
"97"," Brest,1993,-1.1640188671024,48.6202867320261"
"98"," Brest,1994,-1.16401891851852,48.6202867834423"
"99"," Brest,1995,-1.16401896993464,48.6202868348584"
"100"," Brest,1996,-1.14913419498911,48.6212746960784"
"101"," Brest,1997,-1.23844320566449,48.6153478897603"
"102"," Brest,1998,-1.22355843137255,48.616335751634"
"103"," Brest,1999,-1.43194606187364,48.602506475817"
"104"," Brest,2000,-1.23844336318083,48.6153480472767"
"105"," Brest,2001,-1.446831,48.6015187777778"
"106"," Brest,2002,-1.32775243420479,48.6094213013072"
"107"," Brest,2003,-1.26821317647059,48.6133725882353"
"108"," Brest,2004,-1.26821322941176,48.6133726411765"
"109"," Brest,2005,-1.26821328235294,48.6133726941176"
"110"," Brest,2006,-1.26821333529412,48.6133727470588"
"111"," Brest,2007,-1.40217684705882,48.6044825333333"
"112"," Brest,2008,-1.40217690196079,48.6044825882353"
"113"," Brest,2009,-1.55102524880174,48.5946045734205"
"114"," Brest,2010,-1.46171632941176,48.600531471024"
"115"," Brest,2011,-1.35752257777778,48.607446172549"
"116"," Brest,2012,-1.35752263202614,48.6074462267974"
"117"," Brest,2013,-1.38729234640523,48.6054706688453"
"118"," Brest,2014,-1.38729240108932,48.6054707235294"
"119"," Brest,2015,-1.32775313376906,48.6094220008715"
"120"," Brest,2016,-1.3277531875817,48.6094220546841"
"121"," Brest,2017,-0.70259034204793,48.6509099281046"
"122"," Clermont-Ferrand,1958,3.0862801,45.7796601"
"123"," Clermont-Ferrand,1959,3.0862802,45.7796602"
"124"," Clermont-Ferrand,1960,3.0862802,45.7796602"
"125"," Clermont-Ferrand,1961,3.0862803,45.7796603"
"126"," Clermont-Ferrand,1962,3.0862803,45.7796603"
"127"," Clermont-Ferrand,1963,3.0862803,45.7796603"
"128"," Clermont-Ferrand,1964,3.0862804,45.7796604"
"129"," Clermont-Ferrand,1965,3.0862805,45.7796605"
"130"," Clermont-Ferrand,1966,3.0862806,45.7796606"
"131"," Clermont-Ferrand,1967,3.0862807,45.7796607"
"132"," Clermont-Ferrand,1968,3.0862808,45.7796608"
"133"," Clermont-Ferrand,1969,3.0862809,45.7796609"
"134"," Clermont-Ferrand,1970,3.086281,45.779661"
"135"," Clermont-Ferrand,1971,3.07706258625,45.81808296125"
"136"," Clermont-Ferrand,1972,3.06784417,45.85650492"
"137"," Clermont-Ferrand,1973,3.07706278375,45.81808315875"
"138"," Clermont-Ferrand,1974,3.08013572166667,45.8052759716667"
"139"," Clermont-Ferrand,1975,3.09857285833333,45.7284323583333"
"140"," Clermont-Ferrand,1976,3.10779148,45.690010605"
"141"," Clermont-Ferrand,1977,3.04018909375,45.97177096875"
"142"," Clermont-Ferrand,1978,3.0586262325,45.8949273575"
"143"," Clermont-Ferrand,1979,3.04018928125,45.97177115625"
"144"," Clermont-Ferrand,1980,3.040189375,45.97177125"
"145"," Clermont-Ferrand,1981,3.04018946875,45.97177134375"
"146"," Clermont-Ferrand,1982,3.0401895625,45.9717714375"
"147"," Clermont-Ferrand,1983,3.04018965625,45.97177153125"
"148"," Clermont-Ferrand,1984,3.04018975,45.971771625"
"149"," Clermont-Ferrand,1985,3.04018984375,45.97177171875"
"150"," Clermont-Ferrand,1986,3.07399122333333,45.8308917233333"
"151"," Clermont-Ferrand,1987,3.04019003125,45.97177190625"
"152"," Clermont-Ferrand,1988,3.052481505,45.92054288"
"153"," Clermont-Ferrand,1989,3.04019021875,45.97177209375"
"154"," Clermont-Ferrand,1990,2.9848790875,46.2023032125"
"155"," Clermont-Ferrand,1991,2.98487917375,46.20230329875"
"156"," Clermont-Ferrand,1992,2.96644218,46.279147055"
"157"," Clermont-Ferrand,1993,2.96644226375,46.27914713875"
"158"," Clermont-Ferrand,1994,2.9664423475,46.2791472225"
"159"," Clermont-Ferrand,1995,2.97258812708333,46.2535327520833"
"160"," Clermont-Ferrand,1996,2.97258821166667,46.2535328366667"
"161"," Clermont-Ferrand,1997,2.97258829625,46.25353292125"
"162"," Clermont-Ferrand,1998,2.97873407916667,46.2279184541667"
"163"," Clermont-Ferrand,1999,2.93264142083333,46.4200276708333"
"164"," Clermont-Ferrand,2000,2.97258855,46.253533175"
"165"," Clermont-Ferrand,2001,2.93878728,46.39441328"
"166"," Clermont-Ferrand,2002,2.9295688075,46.4328351825"
"167"," Clermont-Ferrand,2003,2.92956888625,46.43283526125"
"168"," Clermont-Ferrand,2004,2.929568965,46.43283534"
"169"," Clermont-Ferrand,2005,2.92956904375,46.43283541875"
"170"," Clermont-Ferrand,2006,2.9295691225,46.4328354975"
"171"," Clermont-Ferrand,2007,2.92342349541667,46.4584501204167"
"172"," Clermont-Ferrand,2008,2.89884074666667,46.5609083716667"
"173"," Clermont-Ferrand,2009,2.89884082125,46.56090844625"
"174"," Clermont-Ferrand,2010,2.89884089583333,46.5609085208333"
"175"," Clermont-Ferrand,2011,2.89884097041667,46.5609085954167"
"176"," Clermont-Ferrand,2012,2.898841045,46.56090867"
"177"," Clermont-Ferrand,2013,2.89884111958333,46.5609087445833"
"178"," Clermont-Ferrand,2014,2.89884119416667,46.5609088191667"
"179"," Clermont-Ferrand,2015,2.91420555,46.49687255"
"180"," Clermont-Ferrand,2016,2.92956991,46.432836285"
"181"," Clermont-Ferrand,2017,2.93264284583333,46.4200290958333"
"182"," Dijon,1958,5.0166707,47.3166707"
"183"," Dijon,1959,5.0166708,47.3166708"
"184"," Dijon,1960,4.96185163493151,47.3482477308219"
"185"," Dijon,1961,4.94357864383562,47.3587734383562"
"186"," Dijon,1962,4.94357874109589,47.3587735356164"
"187"," Dijon,1963,4.98012501917808,47.3377224164384"
"188"," Dijon,1964,4.98012511780822,47.3377225150685"
"189"," Dijon,1965,4.96185212465753,47.3482482205479"
"190"," Dijon,1966,4.96185222260274,47.3482483184931"
"191"," Dijon,1967,4.96185232054795,47.3482484164384"
"192"," Dijon,1968,4.96185241849315,47.3482485143836"
"193"," Dijon,1969,4.90703323287671,47.3798254246575"
"194"," Dijon,1970,4.83394094794521,47.4219279342466"
"195"," Dijon,1971,4.83394104109589,47.4219280273973"
"196"," Dijon,1972,4.79739494109589,47.4429793246575"
"197"," Dijon,1973,4.92530671369863,47.3693002068493"
"198"," Dijon,1974,4.85221441849315,47.4114027061644"
"199"," Dijon,1975,4.85221451232877,47.4114028"
"200"," Dijon,1976,4.85221460616438,47.4114028938356"
"201"," Dijon,1977,4.8704878,47.4008773890411"
"202"," Dijon,1978,4.87048789452055,47.4008774835616"
"203"," Dijon,1979,4.90703419178082,47.3798263835616"
"204"," Dijon,1980,4.92530738972603,47.3693008828767"
"205"," Dijon,1981,4.90703438356164,47.3798265753425"
"206"," Dijon,1982,4.72430344520548,47.4850826232877"
"207"," Dijon,1983,4.72430353424657,47.4850827123288"
"208"," Dijon,1984,4.10301806027397,47.8429529917808"
"209"," Dijon,1985,4.1030181260274,47.8429530575342"
"210"," Dijon,1986,4.10301819178082,47.8429531232877"
"211"," Dijon,1987,4.10301825753425,47.8429531890411"
"212"," Dijon,1988,4.10301832328767,47.8429532547945"
"213"," Dijon,1989,4.1030183890411,47.8429533205479"
"214"," Dijon,1990,4.10301845479452,47.8429533863014"
"215"," Dijon,1991,4.10301852054794,47.8429534520548"
"216"," Dijon,1992,4.10301858630137,47.8429535178082"
"217"," Dijon,1993,4.10301865205479,47.8429535835616"
"218"," Dijon,1994,4.10301871780822,47.8429536493151"
"219"," Dijon,1995,4.15783812054795,47.8113769561644"
"220"," Dijon,1996,4.17611130136986,47.8008514383562"
"221"," Dijon,1997,4.12129202876712,47.8324282616438"
"222"," Dijon,1998,4.17611143835616,47.8008515753425"
"223"," Dijon,1999,4.15783839178082,47.8113772273973"
"224"," Dijon,2000,4.15783845958904,47.8113772952055"
"225"," Dijon,2001,4.10301917808219,47.842954109589"
"226"," Dijon,2002,4.1212923609589,47.8324285938356"
"227"," Dijon,2003,4.12129242739726,47.832428660274"
"228"," Dijon,2004,4.12129249383562,47.8324287267123"
"229"," Dijon,2005,4.13956567945205,47.8219032136986"
"230"," Dijon,2006,4.0847463869863,47.8534800171233"
"231"," Dijon,2007,4.12129269315068,47.8324289260274"
"232"," Dijon,2008,4.10301963835616,47.842954569863"
"233"," Dijon,2009,4.1212928260274,47.8324290589041"
"234"," Dijon,2010,4.12129289246575,47.8324291253425"
"235"," Dijon,2011,4.0664735890411,47.8640059178082"
"236"," Dijon,2012,4.01165428150685,47.8955827061644"
"237"," Dijon,2013,4.02992746849315,47.8850571945205"
"238"," Dijon,2014,4.02992753150685,47.8850572575342"
"239"," Dijon,2015,4.01165446849315,47.8955828931507"
"240"," Dijon,2016,4.01165453082192,47.8955829554794"
"241"," Dijon,2017,4.01165459315069,47.8955830178082"
"242"," Lille,1958,3.0585821,50.6329721"
"243"," Lille,1959,3.03229397037037,50.5670624888889"
"244"," Lille,1960,3.03229406666667,50.5670625851852"
"245"," Lille,1961,3.03229416296296,50.5670626814815"
"246"," Lille,1962,3.03229425925926,50.5670627777778"
"247"," Lille,1963,3.03229435555556,50.5670628740741"
"248"," Lille,1964,3.0060062037037,50.5011532407407"
"249"," Lille,1965,3.0060062962963,50.5011533333333"
"250"," Lille,1966,3.00600638888889,50.5011534259259"
"251"," Lille,1967,2.97971822222222,50.4352437777778"
"252"," Lille,1968,2.95343004814815,50.3693341222222"
"253"," Lille,1969,2.95343013333333,50.3693342074074"
"254"," Lille,1970,2.95343021851852,50.3693342925926"
"255"," Lille,1971,2.9534303037037,50.3693343777778"
"256"," Lille,1972,2.95343038888889,50.369334462963"
"257"," Lille,1973,2.95343047407407,50.3693345481481"
"258"," Lille,1974,2.95343055925926,50.3693346333333"
"259"," Lille,1975,2.95868830222222,50.3825166725926"
"260"," Lille,1976,2.9744613637037,50.422062622963"
"261"," Lille,1977,2.97446145185185,50.4220627111111"
"262"," Lille,1978,2.93765792,50.3297891051852"
"263"," Lille,1979,2.93765800296296,50.3297891881481"
"264"," Lille,1980,2.94817340888889,50.3561531866667"
"265"," Lille,1981,2.96920414222222,50.4088811051852"
"266"," Lille,1982,2.97446189259259,50.4220631518519"
"267"," Lille,1983,2.97446198074074,50.42206324"
"268"," Lille,1984,2.97971973333333,50.4352452888889"
"269"," Lille,1985,2.97971982222222,50.4352453777778"
"270"," Lille,1986,2.97446224518519,50.4220635044444"
"271"," Lille,1987,2.97446233333333,50.4220635925926"
"272"," Lille,1988,2.97446242148148,50.4220636807407"
"273"," Lille,1989,2.98497784592593,50.4484276977778"
"274"," Lille,1990,3.00075094222222,50.487973682963"
"275"," Lille,1991,3.02703938222222,50.5538836044444"
"276"," Lille,1992,3.02703947777778,50.5538837"
"277"," Lille,1993,2.66426026666667,49.6443280444444"
"278"," Lille,1994,2.66426031111111,49.6443280888889"
"279"," Lille,1995,2.65900268296296,49.6311461644444"
"280"," Lille,1996,2.65374505333333,49.6179642385185"
"281"," Lille,1997,2.6537450962963,49.6179642814815"
"282"," Lille,1998,2.65374513925926,49.6179643244444"
"283"," Lille,1999,2.65374518222222,49.6179643674074"
"284"," Lille,2000,2.65374522518519,49.6179644103704"
"285"," Lille,2001,2.65374526814815,49.6179644533333"
"286"," Lille,2002,2.65900298888889,49.6311464703704"
"287"," Lille,2003,2.65900303259259,49.6311465140741"
"288"," Lille,2004,2.6590030762963,49.6311465577778"
"289"," Lille,2005,2.65900312,49.6311466014815"
"290"," Lille,2006,2.65374548296296,49.6179646681481"
"291"," Lille,2007,2.65374552592593,49.6179647111111"
"292"," Lille,2008,2.65374556888889,49.6179647540741"
"293"," Lille,2009,2.65374561185185,49.617964797037"
"294"," Lille,2010,2.65374565481482,49.61796484"
"295"," Lille,2011,2.65900338222222,49.6311468637037"
"296"," Lille,2012,2.65900342592593,49.6311469074074"
"297"," Lille,2013,2.65900346962963,49.6311469511111"
"298"," Lille,2014,2.65900351333333,49.6311469948148"
"299"," Lille,2015,2.65900355703704,49.6311470385185"
"300"," Lille,2016,2.65900360074074,49.6311470822222"
"301"," Lille,2017,2.66951902222222,49.6575110962963"
"302"," Lyon,1958,4.8467114,45.7484614"
"303"," Lyon,1959,4.8467115,45.7484615"
"304"," Lyon,1960,4.8467116,45.7484616"
"305"," Lyon,1961,4.8467117,45.7484617"
"306"," Lyon,1962,4.8467118,45.7484618"
"307"," Lyon,1963,4.8467119,45.7484619"
"308"," Lyon,1964,4.846712,45.748462"
"309"," Lyon,1965,4.8467121,45.7484621"
"310"," Lyon,1966,4.8467122,45.7484622"
"311"," Lyon,1967,4.8467123,45.7484623"
"312"," Lyon,1968,4.8467124,45.7484624"
"313"," Lyon,1969,4.7842646875,45.8260861875"
"314"," Lyon,1970,4.68018509333333,45.9554590933333"
"315"," Lyon,1971,4.66977721708333,45.9683964670833"
"316"," Lyon,1972,4.68018528,45.95545928"
"317"," Lyon,1973,4.70100131416667,45.9295848141667"
"318"," Lyon,1974,4.68018546666667,45.9554594666667"
"319"," Lyon,1975,4.68018556,45.95545956"
"320"," Lyon,1976,4.68018565333333,45.9554596533333"
"321"," Lyon,1977,4.66977777458333,45.9683970245833"
"322"," Lyon,1978,4.68018584,45.95545984"
"323"," Lyon,1979,4.70100187916667,45.9295853791667"
"324"," Lyon,1980,4.70100197333333,45.9295854733333"
"325"," Lyon,1981,4.7010020675,45.9295855675"
"326"," Lyon,1982,4.11815560833333,46.6540731083333"
"327"," Lyon,1983,4.08693175541667,46.6928850054167"
"328"," Lyon,1984,3.597757,47.300937"
"329"," Lyon,1985,3.59775705,47.30093705"
"330"," Lyon,1986,3.5977571,47.3009371"
"331"," Lyon,1987,3.59775715,47.30093715"
"332"," Lyon,1988,3.5977572,47.3009372"
"333"," Lyon,1989,3.59775725,47.30093725"
"334"," Lyon,1990,3.5977573,47.3009373"
"335"," Lyon,1991,3.59775735,47.30093735"
"336"," Lyon,1992,3.5977574,47.3009374"
"337"," Lyon,1993,3.59775745,47.30093745"
"338"," Lyon,1994,3.5977575,47.3009375"
"339"," Lyon,1995,3.59775755,47.30093755"
"340"," Lyon,1996,3.5977576,47.3009376"
"341"," Lyon,1997,3.63938957166667,47.2491885716667"
"342"," Lyon,1998,3.5977577,47.3009377"
"343"," Lyon,1999,3.639389675,47.249188675"
"344"," Lyon,2000,3.63938972666667,47.2491887266667"
"345"," Lyon,2001,3.54571793958333,47.3656241895833"
"346"," Lyon,2002,3.5457179875,47.3656242375"
"347"," Lyon,2003,3.54571803541667,47.3656242854167"
"348"," Lyon,2004,3.5353101,47.3785616"
"349"," Lyon,2005,3.52490216375,47.39149891375"
"350"," Lyon,2006,3.52490221083333,47.3914989608333"
"351"," Lyon,2007,3.54571822708333,47.3656244770833"
"352"," Lyon,2008,3.566534245,47.339749995"
"353"," Lyon,2009,3.55612630833333,47.3526873083333"
"354"," Lyon,2010,3.5665343425,47.3397500925"
"355"," Lyon,2011,3.56653439125,47.33975014125"
"356"," Lyon,2012,3.55612645333333,47.3526874533333"
"357"," Lyon,2013,3.55612650166667,47.3526875016667"
"358"," Lyon,2014,3.55612655,47.35268755"
"359"," Lyon,2015,3.56653458625,47.33975033625"
"360"," Lyon,2016,3.566534635,47.339750385"
"361"," Lyon,2017,3.56653468375,47.33975043375"
"362"," Marseille,1958,5.3810712,43.2969512"
"363"," Marseille,1959,5.27139340191489,43.4979295934043"
"364"," Marseille,1960,5.24558693319149,43.5452186991489"
"365"," Marseille,1961,5.27784523617021,43.4861075340426"
"366"," Marseille,1962,5.12300593191489,43.7698416765957"
"367"," Marseille,1963,5.12300602340425,43.7698417680851"
"368"," Marseille,1964,5.12300611489362,43.7698418595745"
"369"," Marseille,1965,5.12300620638298,43.7698419510638"
"370"," Marseille,1966,5.12300629787234,43.7698420425532"
"371"," Marseille,1967,5.11655474659574,43.7816643848936"
"372"," Marseille,1968,5.05849005106383,43.8880647319149"
"373"," Marseille,1969,4.92945727659574,44.1245098297872"
"374"," Marseille,1970,4.92945736170213,44.1245099148936"
"375"," Marseille,1971,4.88429594148936,44.20726575"
"376"," Marseille,1972,4.88429602510638,44.207265833617"
"377"," Marseille,1973,4.89074775276596,44.1954436676596"
"378"," Marseille,1974,4.89074783659574,44.1954437514894"
"379"," Marseille,1975,4.89719956489362,44.1836215861702"
"380"," Marseille,1976,4.89074800425532,44.1954439191489"
"381"," Marseille,1977,4.89074808808511,44.1954440029787"
"382"," Marseille,1978,4.88429652680851,44.2072663353191"
"383"," Marseille,1979,4.91655483702128,44.1481551774468"
"384"," Marseille,1980,4.92945821276596,44.1245107659574"
"385"," Marseille,1981,4.93590994361702,44.1126886031915"
"386"," Marseille,1982,4.49719810382979,44.9166015293617"
"387"," Marseille,1983,4.47784323617021,44.9520683425532"
"388"," Marseille,1984,4.21977745106383,45.4249583021277"
"389"," Marseille,1985,4.15526104680851,45.5431808340426"
"390"," Marseille,1986,4.15526110638298,45.543180893617"
"391"," Marseille,1987,4.15526116595745,45.5431809531915"
"392"," Marseille,1988,4.15526122553191,45.543181012766"
"393"," Marseille,1989,4.15526128510638,45.5431810723404"
"394"," Marseille,1990,4.15526134468085,45.5431811319149"
"395"," Marseille,1991,4.15526140425532,45.5431811914894"
"396"," Marseille,1992,4.15526146382979,45.5431812510638"
"397"," Marseille,1993,4.16171317170213,45.5313590653192"
"398"," Marseille,1994,4.01977696425532,45.7914485174468"
"399"," Marseille,1995,4.04558361425532,45.7441595929787"
"400"," Marseille,1996,4.04558367021277,45.7441596489362"
"401"," Marseille,1997,4.05848702446809,45.7205152159574"
"402"," Marseille,1998,4.06493873021277,45.7086930280851"
"403"," Marseille,1999,4.0262288893617,45.7796265489362"
"404"," Marseille,2000,4.01332564510638,45.8032710919149"
"405"," Marseille,2001,3.510097,46.7254061489362"
"406"," Marseille,2002,3.51009703829787,46.725406187234"
"407"," Marseille,2003,3.51009707659574,46.7254062255319"
"408"," Marseille,2004,3.51009711489362,46.7254062638298"
"409"," Marseille,2005,3.51009715319149,46.7254063021277"
"410"," Marseille,2006,3.51009719148936,46.7254063404255"
"411"," Marseille,2007,3.52945218361702,46.6899396517021"
"412"," Marseille,2008,3.52300057106383,46.701761932766"
"413"," Marseille,2009,3.52300060978723,46.7017619714894"
"414"," Marseille,2010,3.52945230042553,46.6899397685106"
"415"," Marseille,2011,3.51654903510638,46.7135842904255"
"416"," Marseille,2012,3.54235568297872,46.6662953638298"
"417"," Marseille,2013,3.54235572234043,46.6662954031915"
"418"," Marseille,2014,3.54235576170213,46.6662954425532"
"419"," Marseille,2015,3.54235580106383,46.6662954819149"
"420"," Marseille,2016,3.54235584042553,46.6662955212766"
"421"," Marseille,2017,3.54235587978723,46.6662955606383"
"422"," Montpellier,1958,3.8772301,43.6109201"
"423"," Montpellier,1959,3.8772301,43.6109201"
"424"," Montpellier,1960,3.85917787480315,43.6728393708661"
"425"," Montpellier,1961,3.67564598877953,44.3023510281496"
"426"," Montpellier,1962,3.67564598877953,44.3023510281496"
"427"," Montpellier,1963,3.67564598877953,44.3023510281496"
"428"," Montpellier,1964,3.67564607559055,44.3023511149606"
"429"," Montpellier,1965,3.69068976968504,44.2507518956693"
"430"," Montpellier,1966,3.69068985748032,44.2507519834646"
"431"," Montpellier,1967,3.6846725015748,44.2713917929134"
"432"," Montpellier,1968,3.66662025669291,44.3333110440945"
"433"," Montpellier,1969,3.60945462027559,44.5293884785433"
"434"," Montpellier,1970,3.60945470275591,44.5293885610236"
"435"," Montpellier,1971,3.58839372677165,44.6016276637795"
"436"," Montpellier,1972,3.58839380787402,44.6016277448819"
"437"," Montpellier,1973,3.59742005807087,44.5706682470472"
"438"," Montpellier,1974,3.59742013976378,44.5706683287402"
"439"," Montpellier,1975,3.59742022145669,44.5706684104331"
"440"," Montpellier,1976,3.58839413228346,44.6016280692913"
"441"," Montpellier,1977,3.60945528011811,44.5293891383858"
"442"," Montpellier,1978,3.59441174251968,44.5809885141732"
"443"," Montpellier,1979,3.58237692716535,44.6222680295276"
"444"," Montpellier,1980,3.59441190551181,44.5809886771654"
"445"," Montpellier,1981,3.58538581318898,44.611948332874"
"446"," Montpellier,1982,3.35371408425197,45.4065774700787"
"447"," Montpellier,1983,3.3356618,45.4684966818898"
"448"," Montpellier,1984,3.21230413149606,45.8916109031496"
"449"," Montpellier,1985,3.17619948326772,46.0154492470472"
"450"," Montpellier,1986,3.17619953740158,46.0154493011811"
"451"," Montpellier,1987,3.19124322047244,45.9638500708661"
"452"," Montpellier,1988,3.19124327559055,45.9638501259843"
"453"," Montpellier,1989,3.19124333070866,45.9638501811024"
"454"," Montpellier,1990,3.19124338582677,45.9638502362205"
"455"," Montpellier,1991,3.18823471437008,45.9741701474409"
"456"," Montpellier,1992,3.18823476929134,45.9741702023622"
"457"," Montpellier,1993,3.1882348242126,45.9741702572835"
"458"," Montpellier,1994,3.09797306417323,46.283765977559"
"459"," Montpellier,1995,3.09797311318898,46.2837660265748"
"460"," Montpellier,1996,3.10098188976378,46.2734462204724"
"461"," Montpellier,1997,3.11301685,46.23216685"
"462"," Montpellier,1998,3.12204308385827,46.2012073358268"
"463"," Montpellier,1999,3.12204313444882,46.2012073864173"
"464"," Montpellier,2000,3.12806064173228,46.1805677283465"
"465"," Montpellier,2001,2.9415195230315,46.8203987356299"
"466"," Montpellier,2002,2.93249337559055,46.8513583362205"
"467"," Montpellier,2003,2.93851087165354,46.8307186669291"
"468"," Montpellier,2004,2.93851091023622,46.8307187055118"
"469"," Montpellier,2005,2.9385109488189,46.8307187440945"
"470"," Montpellier,2006,2.93851098740157,46.8307187826772"
"471"," Montpellier,2007,2.94452848543307,46.8100791153543"
"472"," Montpellier,2008,2.94452852440945,46.8100791543307"
"473"," Montpellier,2009,2.94452856338583,46.8100791933071"
"474"," Montpellier,2010,2.94452860236221,46.8100792322835"
"475"," Montpellier,2011,2.94753737185039,46.7997594190945"
"476"," Montpellier,2012,2.94753741102362,46.7997594582677"
"477"," Montpellier,2013,2.94753745019685,46.7997594974409"
"478"," Montpellier,2014,2.94753748937008,46.7997595366142"
"479"," Montpellier,2015,2.94753752854331,46.7997595757874"
"480"," Montpellier,2016,2.94753756771654,46.7997596149606"
"481"," Montpellier,2017,2.94753760688976,46.7997596541339"
"482"," Nantes,1958,-1.5533615,47.2172515"
"483"," Nantes,1959,-1.2880146112,47.3285103712"
"484"," Nantes,1960,-1.3660579384,47.2957872984"
"485"," Nantes,1961,-1.3660580336,47.2957873936"
"486"," Nantes,1962,-1.3816667764,47.2892428564"
"487"," Nantes,1963,-1.381666872,47.289242952"
"488"," Nantes,1964,-1.3816669676,47.2892430476"
"489"," Nantes,1965,-1.3816670632,47.2892431432"
"490"," Nantes,1966,-1.1475374208,47.3874127008"
"491"," Nantes,1967,-1.0694942624,47.4201359424"
"492"," Nantes,1968,-1.0538857,47.42668066"
"493"," Nantes,1969,-1.0226684864,47.4397700064"
"494"," Nantes,1970,-0.7417128584,47.5575734184"
"495"," Nantes,1971,-0.7417129376,47.5575734976"
"496"," Nantes,1972,-0.7417130168,47.5575735768"
"497"," Nantes,1973,-0.570017924,47.629564564"
"498"," Nantes,1974,-0.538800694,47.642653894"
"499"," Nantes,1975,-0.538800768,47.642653968"
"500"," Nantes,1976,-0.538800842,47.642654042"
"501"," Nantes,1977,-0.538800916,47.642654116"
"502"," Nantes,1978,-0.554409644,47.636109564"
"503"," Nantes,1979,-0.5700183728,47.6295650128"
"504"," Nantes,1980,-0.6792790312,47.5837527112"
"505"," Nantes,1981,-0.7104964192,47.5706635392"
"506"," Nantes,1982,-0.7261051532,47.5641189932"
"507"," Nantes,1983,-0.726105232,47.564119072"
"508"," Nantes,1984,-0.5075841212,47.6557438812"
"509"," Nantes,1985,-0.3514976264,47.7211901864"
"510"," Nantes,1986,-0.3514976956,47.7211902556"
"511"," Nantes,1987,-0.38271508,47.70810108"
"512"," Nantes,1988,-0.38271515,47.70810115"
"513"," Nantes,1989,0.4913696504,48.0746000296"
"514"," Nantes,1990,0.4913696028,48.0746000772"
"515"," Nantes,1991,0.5069782144,48.0811447456"
"516"," Nantes,1992,0.4913695076,48.0746001724"
"517"," Nantes,1993,0.4757608,48.0680556"
"518"," Nantes,1994,0.475760752,48.068055648"
"519"," Nantes,1995,0.4445433824,48.0549664576"
"520"," Nantes,1996,0.4601519948,48.0615111252"
"521"," Nantes,1997,0.4601519464,48.0615111736"
"522"," Nantes,1998,0.428934574,48.048421986"
"523"," Nantes,1999,0.4913691744,48.0746005056"
"524"," Nantes,2000,0.4913691268,48.0746005532"
"525"," Nantes,2001,0.4913690792,48.0746006008"
"526"," Nantes,2002,0.4913690316,48.0746006484"
"527"," Nantes,2003,0.491368984,48.074600696"
"528"," Nantes,2004,0.4913689364,48.0746007436"
"529"," Nantes,2005,0.4913688888,48.0746007912"
"530"," Nantes,2006,0.4913688412,48.0746008388"
"531"," Nantes,2007,0.4913687936,48.0746008864"
"532"," Nantes,2008,0.491368746,48.074600934"
"533"," Nantes,2009,0.4913686984,48.0746009816"
"534"," Nantes,2010,0.475759984,48.068056416"
"535"," Nantes,2011,0.4289339344,48.0484226256"
"536"," Nantes,2012,0.4133252176,48.0418780624"
"537"," Nantes,2013,0.413325168,48.041878112"
"538"," Nantes,2014,0.39771645,48.03533355"
"539"," Nantes,2015,0.4289337376,48.0484228224"
"540"," Nantes,2016,0.4289336884,48.0484228716"
"541"," Nantes,2017,0.5381943264,48.0942351936"
"542"," Nice,1958,7.2660812,43.7031312"
"543"," Nice,1959,7.2660812,43.7031312"
"544"," Nice,1960,7.15172592093023,43.8229052232558"
"545"," Nice,1961,7.15172592093023,43.8229052232558"
"546"," Nice,1962,7.15172592093023,43.8229052232558"
"547"," Nice,1963,7.0678654055814,43.9107395296124"
"548"," Nice,1964,7.08311288604651,43.8947697697674"
"549"," Nice,1965,7.08311298232558,43.8947698660465"
"550"," Nice,1966,6.96113399767442,44.022528803876"
"551"," Nice,1967,6.9840051696124,43.9985741153488"
"552"," Nice,1968,6.83153140651163,44.1582727553488"
"553"," Nice,1969,6.51133639069768,44.4936397860465"
"554"," Nice,1970,6.48084170263566,44.5255795786046"
"555"," Nice,1971,6.48084178666667,44.5255796626357"
"556"," Nice,1972,6.45034709674419,44.5575194533333"
"557"," Nice,1973,6.48846564837209,44.517594904186"
"558"," Nice,1974,6.47321834496124,44.5335648410853"
"559"," Nice,1975,6.48846581674419,44.5175950725581"
"560"," Nice,1976,6.48846590093023,44.5175951567442"
"561"," Nice,1977,6.47321859658915,44.5335650927132"
"562"," Nice,1978,6.47321868046512,44.5335651765891"
"563"," Nice,1979,6.5113372372093,44.4936406325581"
"564"," Nice,1980,6.54945579550388,44.4537160900775"
"565"," Nice,1981,6.54945588093023,44.4537161755039"
"566"," Nice,1982,6.07678687395349,44.9487816181395"
"567"," Nice,1983,6.06916325457364,44.9567666189147"
"568"," Nice,1984,5.70322595348837,45.3400430852713"
"569"," Nice,1985,5.66510754418605,45.3799677767442"
"570"," Nice,1986,5.64986022031008,45.3959376931783"
"571"," Nice,1987,5.52025745860465,45.5316814741085"
"572"," Nice,1988,5.55075230697674,45.4997418418605"
"573"," Nice,1989,5.52788128372093,45.5236966790698"
"574"," Nice,1990,5.52788134837209,45.5236967437209"
"575"," Nice,1991,5.52025771658915,45.531681732093"
"576"," Nice,1992,5.52788147767442,45.5236968730233"
"577"," Nice,1993,5.53550523906977,45.5157120142636"
"578"," Nice,1994,5.32204179069767,45.7392899302326"
"579"," Nice,1995,5.36016033643411,45.6993653751938"
"580"," Nice,1996,5.3067945172093,45.7552598970543"
"581"," Nice,1997,5.29154718263566,45.7712298027907"
"582"," Nice,1998,5.36778421767442,45.6913806362791"
"583"," Nice,1999,5.33728948837209,45.7233203875969"
"584"," Nice,2000,5.32966585131783,45.7313053706977"
"585"," Nice,2001,4.88749142883721,46.1944309172093"
"586"," Nice,2002,4.89511517860465,46.1864460468217"
"587"," Nice,2003,4.88749153209302,46.1944310204651"
"588"," Nice,2004,4.87224418682171,46.2104009155039"
"589"," Nice,2005,4.84174944372093,46.2423406530233"
"590"," Nice,2006,4.82650209689922,46.2583105465116"
"591"," Nice,2007,4.85699694294574,46.226370911938"
"592"," Nice,2008,4.85699699395349,46.2263709629457"
"593"," Nice,2009,4.90273924031008,46.1784614883721"
"594"," Nice,2010,4.91036299162791,46.1704766195349"
"595"," Nice,2011,4.91798674325581,46.1624917510077"
"596"," Nice,2012,4.91798679550388,46.1624918032558"
"597"," Nice,2013,4.91036314790698,46.170476775814"
"598"," Nice,2014,4.9103632,46.170476827907"
"599"," Nice,2015,4.91036325209302,46.17047688"
"600"," Nice,2016,4.89511590356589,46.1864467717829"
"601"," Nice,2017,4.88749225488372,46.1944317432558"
"602"," Rennes,1958,-1.6742903,48.1119803"
"603"," Rennes,1959,-1.51008262857143,48.1422428326531"
"604"," Rennes,1960,-1.5100827244898,48.1422429285714"
"605"," Rennes,1961,-1.11598414938775,48.2148728432653"
"606"," Rennes,1962,-1.23092968408163,48.193689235102"
"607"," Rennes,1963,-1.0338804277551,48.2300042236735"
"608"," Rennes,1964,-1.03388051183673,48.2300043077551"
"609"," Rennes,1965,-1.03388059591837,48.2300043918367"
"610"," Rennes,1966,-0.62336118,48.3056604861224"
"611"," Rennes,1967,-0.623361253877551,48.30566056"
"612"," Rennes,1968,-0.623361327755102,48.3056606338776"
"613"," Rennes,1969,-0.606940620408163,48.3086869469388"
"614"," Rennes,1970,-0.606940693877551,48.3086870204082"
"615"," Rennes,1971,-0.524836857142858,48.3238182857143"
"616"," Rennes,1972,-0.524836928571429,48.3238183571429"
"617"," Rennes,1973,-0.557678565714286,48.3177659534694"
"618"," Rennes,1974,-0.557678637959184,48.3177660257143"
"619"," Rennes,1975,-0.557678710204081,48.3177660979592"
"620"," Rennes,1976,-0.574099566530613,48.3147399338775"
"621"," Rennes,1977,-0.574099639183674,48.3147400065306"
"622"," Rennes,1978,-0.574099711836735,48.3147400791837"
"623"," Rennes,1979,-0.557678999183674,48.3177663869388"
"624"," Rennes,1980,-0.5248375,48.3238189285714"
"625"," Rennes,1981,-0.524837571428571,48.323819"
"626"," Rennes,1982,-0.541258429387755,48.320792837551"
"627"," Rennes,1983,-0.54125850122449,48.3207929093878"
"628"," Rennes,1984,-0.541258573061224,48.3207929812245"
"629"," Rennes,1985,-0.557679432653061,48.3177668204082"
"630"," Rennes,1986,-0.557679504897959,48.3177668926531"
"631"," Rennes,1987,-0.508417211428571,48.3268456604082"
"632"," Rennes,1988,-0.491996493469388,48.3298719628571"
"633"," Rennes,1989,0.312622115918368,48.4781573534694"
"634"," Rennes,1990,0.312622065306123,48.4781574040816"
"635"," Rennes,1991,0.345463595102041,48.484209915102"
"636"," Rennes,1992,0.279780382857143,48.4721050457143"
"637"," Rennes,1993,0.329042704489796,48.4811837853061"
"638"," Rennes,1994,0.329042654285714,48.4811838355102"
"639"," Rennes,1995,0.329042604081633,48.4811838857143"
"640"," Rennes,1996,0.345463346122449,48.4842101640816"
"641"," Rennes,1997,0.329042503673469,48.4811839861224"
"642"," Rennes,1998,0.296200867346939,48.4751315816327"
"643"," Rennes,1999,0.23051764244898,48.463026724898"
"644"," Rennes,2000,0.329042353061225,48.4811841367347"
"645"," Rennes,2001,0.329042302857143,48.4811841869388"
"646"," Rennes,2002,0.329042252653061,48.4811842371429"
"647"," Rennes,2003,0.32904220244898,48.4811842873469"
"648"," Rennes,2004,0.329042152244898,48.481184337551"
"649"," Rennes,2005,0.329042102040816,48.4811843877551"
"650"," Rennes,2006,0.329042051836735,48.4811844379592"
"651"," Rennes,2007,0.329042001632653,48.4811844881633"
"652"," Rennes,2008,0.329041951428571,48.4811845383673"
"653"," Rennes,2009,0.329041901224489,48.4811845885714"
"654"," Rennes,2010,0.329041851020408,48.4811846387755"
"655"," Rennes,2011,0.263358607346939,48.4690798008163"
"656"," Rennes,2012,0.279779354285715,48.4721060742857"
"657"," Rennes,2013,0.279779302857143,48.4721061257143"
"658"," Rennes,2014,0.312620850612245,48.4781586187755"
"659"," Rennes,2015,0.3126208,48.4781586693878"
"660"," Rennes,2016,0.312620749387755,48.47815872"
"661"," Rennes,2017,0.953031930612245,48.5961813346939"
"662"," Rouen,1958,-1.6742963,49.4431301"
"663"," Rouen,1959,-1.6742963,49.4431301"
"664"," Rouen,1960,-1.6742964,49.4431302"
"665"," Rouen,1961,-1.6742964,49.4431302"
"666"," Rouen,1962,-1.6742964,49.4431302"
"667"," Rouen,1963,-1.8270723164557,49.4655247417721"
"668"," Rouen,1964,-2.03077351392405,49.4953841063291"
"669"," Rouen,1965,-1.97984834810127,49.4879193987342"
"670"," Rouen,1966,-1.77614735189873,49.458060235443"
"671"," Rouen,1967,-1.26689468227848,49.3834121481013"
"672"," Rouen,1968,-1.2668947721519,49.3834122379747"
"673"," Rouen,1969,-1.06319374303797,49.3535530417722"
"674"," Rouen,1970,-0.961343265822785,49.3386234810127"
"675"," Rouen,1971,-0.961343348101266,49.3386235632911"
"676"," Rouen,1972,-0.859492863291139,49.3236939949367"
"677"," Rouen,1973,-0.859492943037975,49.3236940746835"
"678"," Rouen,1974,-0.85949302278481,49.3236941544304"
"679"," Rouen,1975,-0.859493102531645,49.3236942341772"
"680"," Rouen,1976,-0.859493182278481,49.3236943139241"
"681"," Rouen,1977,-1.06319442151899,49.3535537202532"
"682"," Rouen,1978,-1.06319450632911,49.3535538050633"
"683"," Rouen,1979,-1.21597046835443,49.3759483924051"
"684"," Rouen,1980,-1.11411996962025,49.3610188101266"
"685"," Rouen,1981,-1.1141200556962,49.3610188962025"
"686"," Rouen,1982,-1.11412014177215,49.3610189822785"
"687"," Rouen,1983,-1.1141202278481,49.3610190683544"
"688"," Rouen,1984,-1.11412031392405,49.3610191544304"
"689"," Rouen,1985,-1.1650457,49.3684840822785"
"690"," Rouen,1986,-1.16504578734177,49.3684841696203"
"691"," Rouen,1987,-1.21597117721519,49.3759491012658"
"692"," Rouen,1988,-1.16504596202532,49.3684843443038"
"693"," Rouen,1989,-1.06319543924051,49.3535547379747"
"694"," Rouen,1990,-1.01227021772152,49.3460899746835"
"695"," Rouen,1991,-1.06319560886076,49.3535549075949"
"696"," Rouen,1992,-1.01227038481013,49.3460901417722"
"697"," Rouen,1993,-1.31782232911392,49.3908793367089"
"698"," Rouen,1994,-1.21597179746835,49.375949721519"
"699"," Rouen,1995,-1.3178225113924,49.3908795189873"
"700"," Rouen,1996,-1.16504666075949,49.368485043038"
"701"," Rouen,1997,-1.16504674810127,49.3684851303797"
"702"," Rouen,1998,-1.11412151898734,49.3610203594937"
"703"," Rouen,1999,-0.961345651898735,49.3386258670886"
"704"," Rouen,2000,-0.961345734177215,49.3386259493671"
"705"," Rouen,2001,-1.01227113670886,49.3460908936709"
"706"," Rouen,2002,-0.961345898734178,49.3386261139241"
"707"," Rouen,2003,-1.01227130379747,49.3460910607595"
"708"," Rouen,2004,-1.01227138734177,49.3460911443038"
"709"," Rouen,2005,-0.961346145569621,49.3386263607595"
"710"," Rouen,2006,-1.11412220759494,49.3610210481013"
"711"," Rouen,2007,-1.01227163797468,49.3460913949367"
"712"," Rouen,2008,-1.11412237974684,49.3610212202532"
"713"," Rouen,2009,-1.11412246582278,49.3610213063291"
"714"," Rouen,2010,-1.21597321518987,49.3759511392405"
"715"," Rouen,2011,-1.26689863670886,49.3834161025316"
"716"," Rouen,2012,-1.11412272405063,49.361021564557"
"717"," Rouen,2013,-1.16504814556962,49.3684865278481"
"718"," Rouen,2014,-1.16504823291139,49.3684866151899"
"719"," Rouen,2015,-1.11412298227848,49.3610218227848"
"720"," Rouen,2016,-1.11412306835443,49.3610219088608"
"721"," Rouen,2017,-1.11412315443038,49.3610219949367"
"722"," Strasbourg,1958,7.7455321,48.5839221"
"723"," Strasbourg,1959,7.7455322,48.5839222"
"724"," Strasbourg,1960,7.7455323,48.5839223"
"725"," Strasbourg,1961,7.17288876913183,48.6125175472669"
"726"," Strasbourg,1962,6.70436224276527,48.6359136575563"
"727"," Strasbourg,1963,6.70436232347267,48.6359137382637"
"728"," Strasbourg,1964,6.75642091897106,48.6333142630225"
"729"," Strasbourg,1965,6.70436248488746,48.6359138996785"
"730"," Strasbourg,1966,6.70436256559486,48.6359139803859"
"731"," Strasbourg,1967,6.75642116398714,48.6333145080386"
"732"," Strasbourg,1968,6.58289285016077,48.6419797633441"
"733"," Strasbourg,1969,6.46142304951769,48.6480454610932"
"734"," Strasbourg,1970,6.46142312572347,48.648045537299"
"735"," Strasbourg,1971,6.30524763729904,48.6558442610933"
"736"," Strasbourg,1972,6.30524771061093,48.6558443344051"
"737"," Strasbourg,1973,6.28789494276527,48.6567109234727"
"738"," Strasbourg,1974,6.37465922315113,48.6523784192926"
"739"," Strasbourg,1975,6.3746592977492,48.6523784938907"
"740"," Strasbourg,1976,6.37465937234727,48.6523785684887"
"741"," Strasbourg,1977,6.37465944694534,48.6523786430868"
"742"," Strasbourg,1978,6.37465952154341,48.6523787176849"
"743"," Strasbourg,1979,6.37465959614148,48.652378792283"
"744"," Strasbourg,1980,6.39201251414791,48.6515123533762"
"745"," Strasbourg,1981,6.35730690160772,48.6532454546624"
"746"," Strasbourg,1982,6.25318991157556,48.6584446061093"
"747"," Strasbourg,1983,6.3052485170418,48.655845140836"
"748"," Strasbourg,1984,6.3052485903537,48.6558452141479"
"749"," Strasbourg,1985,6.30524866366559,48.6558452874598"
"750"," Strasbourg,1986,6.30524873697749,48.6558453607717"
"751"," Strasbourg,1987,6.30524881028939,48.6558454340836"
"752"," Strasbourg,1988,6.30524888360129,48.6558455073955"
"753"," Strasbourg,1989,6.30524895691318,48.6558455807074"
"754"," Strasbourg,1990,6.30524903022508,48.6558456540193"
"755"," Strasbourg,1991,6.32260195048231,48.6549792173633"
"756"," Strasbourg,1992,6.42671910771704,48.649780233119"
"757"," Strasbourg,1993,6.44407203086817,48.6489137993569"
"758"," Strasbourg,1994,6.3399550192926,48.6541129292604"
"759"," Strasbourg,1995,6.37466078971061,48.6523799858521"
"760"," Strasbourg,1996,6.35730801575563,48.6532465688103"
"761"," Strasbourg,1997,6.35730809003216,48.6532466430868"
"762"," Strasbourg,1998,6.37466101350482,48.6523802096463"
"763"," Strasbourg,1999,6.46142533569132,48.6480477472669"
"764"," Strasbourg,2000,6.39201401254019,48.6515138517685"
"765"," Strasbourg,2001,6.37466123729904,48.6523804334405"
"766"," Strasbourg,2002,6.46142556430868,48.6480479758842"
"767"," Strasbourg,2003,6.49613134212219,48.6463150398714"
"768"," Strasbourg,2004,6.47877856784566,48.647181622508"
"769"," Strasbourg,2005,6.46142579292605,48.6480482045016"
"770"," Strasbourg,2006,6.42672016559486,48.6497812909968"
"771"," Strasbourg,2007,4.72614073633441,48.7346988392283"
"772"," Strasbourg,2008,4.72614078038585,48.7346988832797"
"773"," Strasbourg,2009,4.7261408244373,48.7346989273312"
"774"," Strasbourg,2010,4.72614086848875,48.7346989713826"
"775"," Strasbourg,2011,4.56996523215434,48.7424975472669"
"776"," Strasbourg,2012,4.72614095659164,48.7346990594855"
"777"," Strasbourg,2013,4.72614100064309,48.734699103537"
"778"," Strasbourg,2014,4.72614104469453,48.7346991475884"
"779"," Strasbourg,2015,4.72614108874598,48.7346991916399"
"780"," Strasbourg,2016,4.18820262829582,48.7615607954984"
"781"," Strasbourg,2017,4.18820266237942,48.761560829582"
"782"," Toulouse,1958,1.4436712,43.6042612"
"783"," Toulouse,1959,1.4654101989083,43.7303325569869"
"784"," Toulouse,1960,1.51876940611354,44.039780279476"
"785"," Toulouse,1961,1.51876949781659,44.039780371179"
"786"," Toulouse,1962,1.54841353275109,44.2116958034934"
"787"," Toulouse,1963,1.52469846921397,44.0741636220524"
"788"," Toulouse,1964,1.54841370960699,44.2116959803493"
"789"," Toulouse,1965,1.54841379803493,44.2116960687773"
"790"," Toulouse,1966,1.55829519650655,44.2690012663755"
"791"," Toulouse,1967,1.63734575545852,44.7274422183406"
"792"," Toulouse,1968,1.63734583406114,44.7274422969432"
"793"," Toulouse,1969,1.63734591266376,44.7274423755459"
"794"," Toulouse,1970,1.63734599126638,44.7274424541485"
"795"," Toulouse,1971,1.64525111353712,44.7732866157205"
"796"," Toulouse,1972,1.64525119126638,44.7732866934498"
"797"," Toulouse,1973,1.64525126899563,44.773286771179"
"798"," Toulouse,1974,1.64525134672489,44.7732868489083"
"799"," Toulouse,1975,1.63932264432314,44.7389038670306"
"800"," Toulouse,1976,1.63932272270742,44.7389039454148"
"801"," Toulouse,1977,1.6393228010917,44.7389040237991"
"802"," Toulouse,1978,1.63339410131004,44.7045210445415"
"803"," Toulouse,1979,1.63339418034935,44.7045211235808"
"804"," Toulouse,1980,1.63339425938865,44.7045212026201"
"805"," Toulouse,1981,1.63339433842795,44.7045212816594"
"806"," Toulouse,1982,1.6393231930131,44.7389044157205"
"807"," Toulouse,1983,1.63932327139738,44.7389044941048"
"808"," Toulouse,1984,1.63932334978166,44.7389045724891"
"809"," Toulouse,1985,1.63932342816594,44.7389046508734"
"810"," Toulouse,1986,1.63932350655022,44.7389047292576"
"811"," Toulouse,1987,1.6393235849345,44.7389048076419"
"812"," Toulouse,1988,1.63932366331878,44.7389048860262"
"813"," Toulouse,1989,1.63339497074236,44.7045219139738"
"814"," Toulouse,1990,1.63339504978166,44.7045219930131"
"815"," Toulouse,1991,1.61758507641921,44.612833941048"
"816"," Toulouse,1992,1.59979885021834,44.5096848764192"
"817"," Toulouse,1993,1.58794139628821,44.4409188635371"
"818"," Toulouse,1994,1.59584650393013,44.4867630104804"
"819"," Toulouse,1995,1.6274666779476,44.6701393417031"
"820"," Toulouse,1996,1.62746675764192,44.6701394213974"
"821"," Toulouse,1997,1.62153807161572,44.6357564558952"
"822"," Toulouse,1998,1.58991807161572,44.45238029869"
"823"," Toulouse,1999,1.5938706650655,44.4753024117904"
"824"," Toulouse,2000,1.59584700305677,44.486763509607"
"825"," Toulouse,2001,1.63932468231441,44.7389059050218"
"826"," Toulouse,2002,1.64130101484716,44.7503669973799"
"827"," Toulouse,2003,1.63932483908297,44.7389060617904"
"828"," Toulouse,2004,1.64130117117904,44.7503671537118"
"829"," Toulouse,2005,1.62153871441048,44.63575709869"
"830"," Toulouse,2006,1.63142006113537,44.6930622445415"
"831"," Toulouse,2007,1.61561011593886,44.6013742207424"
"832"," Toulouse,2008,1.60770518558952,44.5555302510917"
"833"," Toulouse,2009,1.61363402532751,44.5899133703057"
"834"," Toulouse,2010,1.61363410655022,44.5899134515284"
"835"," Toulouse,2011,1.61363418777293,44.5899135327511"
"836"," Toulouse,2012,1.61363426899563,44.5899136139738"
"837"," Toulouse,2013,1.61363435021834,44.5899136951965"
"838"," Toulouse,2014,1.70651825327511,45.1285813100437"
"839"," Toulouse,2015,1.70454207292576,45.117120369869"
"840"," Toulouse,2016,1.7025658930131,45.105659430131"
"841"," Toulouse,2017,1.84090352554585,45.9079302504367"
"842","Paris,1958,2.3488,48.85341"
"843","Paris,1959,2.3488,48.85341"
"844","Paris,1960,2.3488,48.85341"
"845","Paris,1961,2.3488,48.85341"
"846","Paris,1962,2.3488,48.85341"
"847","Paris,1963,2.3488,48.85341"
"848","Paris,1964,2.3488,48.85341"
"849","Paris,1965,2.3488,48.85341"
"850","Paris,1966,2.3488,48.85341"
"851","Paris,1967,2.3488,48.85341"
"852","Paris,1968,2.3488,48.85341"
"853","Paris,1969,2.3488,48.85341"
"854","Paris,1970,2.3488,48.85341"
"855","Paris,1971,2.3488,48.85341"
"856","Paris,1972,2.3488,48.85341"
"857","Paris,1973,2.3488,48.85341"
"858","Paris,1974,2.3488,48.85341"
"859","Paris,1975,2.3488,48.85341"
"860","Paris,1976,2.3488,48.85341"
"861","Paris,1977,2.3488,48.85341"
"862","Paris,1978,2.3488,48.85341"
"863","Paris,1979,2.3488,48.85341"
"864","Paris,1980,2.3488,48.85341"
"865","Paris,1981,2.3488,48.85341"
"866","Paris,1982,2.3488,48.85341"
"867","Paris,1983,2.3488,48.85341"
"868","Paris,1984,2.3488,48.85341"
"869","Paris,1985,2.3488,48.85341"
"870","Paris,1986,2.3488,48.85341"
"871","Paris,1987,2.3488,48.85341"
"872","Paris,1988,2.3488,48.85341"
"873","Paris,1989,2.3488,48.85341"
"874","Paris,1990,2.3488,48.85341"
"875","Paris,1991,2.3488,48.85341"
"876","Paris,1992,2.3488,48.85341"
"877","Paris,1993,2.3488,48.85341"
"878","Paris,1994,2.3488,48.85341"
"879","Paris,1995,2.3488,48.85341"
"880","Paris,1996,2.3488,48.85341"
"881","Paris,1997,2.3488,48.85341"
"882","Paris,1998,2.3488,48.85341"
"883","Paris,1999,2.3488,48.85341"
"884","Paris,2000,2.3488,48.85341"
"885","Paris,2001,2.3488,48.85341"
"886","Paris,2002,2.3488,48.85341"
"887","Paris,2003,2.3488,48.85341"
"888","Paris,2004,2.3488,48.85341"
"889","Paris,2005,2.3488,48.85341"
"890","Paris,2006,2.3488,48.85341"
"891","Paris,2007,2.3488,48.85341"
"892","Paris,2008,2.3488,48.85341"
"893","Paris,2009,2.3488,48.85341"
"894","Paris,2010,2.3488,48.85341"
"895","Paris,2011,2.3488,48.85341"
"896","Paris,2012,2.3488,48.85341"
"897","Paris,2013,2.3488,48.85341"
"898","Paris,2014,2.3488,48.85341"
"899","Paris,2015,2.3488,48.85341"
"900","Paris,2016,2.3488,48.85341"
"901","Paris,2017,2.3488,48.85341"
